task,x,y,update,rep,environment
1,29,27,983,50013
2,23,6,2808,50013
3,3,23,4416,50013
4,10,15,3073,50013
5,30,16,4293,50013
6,18,43,5066,50013
7,24,37,5985,50013
8,40,39,11291,50013
9,36,54,10011,50013
1,2,12,1199,50013
2,15,36,2494,50013
3,12,5,5869,50013
4,18,40,2723,50013
5,29,36,3024,50013
6,55,18,4593,50013
7,19,18,5956,50013
8,47,38,47766,50013
9,22,17,30632,50013
1,43,23,1981,50047
2,41,16,2360,50047
3,40,33,10768,50047
4,35,14,4090,50047
5,9,58,6143,50047
6,19,54,4653,50047
7,44,8,11385,50047
9,35,18,42563,50047
1,18,5,1025,50047
2,45,25,1587,50047
3,20,28,9571,50047
4,26,25,2593,50047
5,55,9,8616,50047
6,57,48,9104,50047
7,13,18,9686,50047
1,28,49,1400,50013
2,57,56,1446,50013
3,26,46,5951,50013
4,39,21,4395,50013
5,37,31,4859,50013
6,16,56,5825,50013
7,19,54,5847,50013
8,29,40,15016,50013
9,45,36,15043,50013
1,3,55,1269,50013
2,0,54,1410,50013
3,18,38,5354,50013
4,54,38,2964,50013
5,22,9,6276,50013
6,42,39,5692,50013
7,22,33,6330,50013
8,34,30,13175,50013
9,25,7,15869,50013
1,3,37,630,50047
2,30,34,611,50047
3,11,10,6589,50047
4,43,49,932,50047
5,8,48,9377,50047
6,14,8,4604,50047
7,11,12,31094,50047
8,29,43,39602,50047
9,24,41,39648,50047
1,22,24,533,50047
2,33,54,2435,50047
3,6,20,8088,50047
4,25,21,1740,50047
5,41,7,19010,50047
6,27,59,4211,50047
7,40,19,28254,50047
9,0,10,90624,50047
1,54,24,1323,50065
2,33,29,1121,50065
3,8,12,2753,50065
4,17,19,1670,50065
5,27,25,2986,50065
6,31,51,3486,50065
7,36,45,5481,50065
8,33,41,12967,50065
9,47,46,12517,50065
1,25,17,911,50065
2,31,18,1332,50065
3,24,27,4298,50065
4,28,8,1131,50065
5,33,42,2393,50065
6,31,32,2856,50065
7,33,32,3612,50065
8,26,29,19361,50065
9,28,19,19316,50065
1,1,38,1953,50062
2,12,39,2006,50062
3,47,59,22256,50062
4,20,9,7207,50062
5,54,13,23388,50062
6,8,22,10509,50062
7,47,34,26480,50062
1,0,56,953,50062
2,55,12,1993,50062
3,26,30,11563,50062
4,49,15,5192,50062
5,46,8,5537,50062
6,50,13,5773,50062
7,51,13,5003,50062
1,52,50,1364,50060
2,54,48,1912,50060
3,30,29,3336,50060
4,22,34,2673,50060
5,18,49,3300,50060
6,28,40,4411,50060
7,32,33,4480,50060
8,26,30,26218,50060
9,40,34,27191,50060
1,3,33,2291,50060
2,1,34,2525,50060
3,27,6,5994,50060
4,8,41,2761,50060
5,14,40,5471,50060
6,1,35,3222,50060
7,23,38,8945,50060
8,28,37,8826,50060
9,41,32,40505,50060
1,47,16,1744,50062
2,13,41,1197,50062
3,9,9,10556,50062
4,14,49,2322,50062
5,8,2,8234,50062
6,54,17,9092,50062
7,37,4,18832,50062
8,19,3,25930,50062
9,35,17,28934,50062
1,8,49,2237,50048
2,25,37,1160,50048
3,33,20,4671,50048
4,19,8,3922,50048
5,20,11,3959,50048
6,22,8,3865,50048
7,38,36,4839,50048
8,14,12,12560,50048
9,12,23,57182,50048
1,44,5,1030,50048
2,5,5,1919,50048
3,57,41,4507,50048
4,45,6,3633,50048
5,37,7,4836,50048
6,45,30,4665,50048
7,36,13,5299,50048
8,18,45,7327,50048
9,32,21,22132,50048
1,53,52,1151,50065
2,46,32,1400,50065
3,18,19,2966,50065
4,33,25,2408,50065
5,22,32,3895,50065
6,21,21,2677,50065
7,28,22,3010,50065
8,28,43,6135,50065
9,22,24,12818,50065
1,52,24,1049,50060
2,7,58,1117,50060
3,30,43,4364,50060
4,38,30,3121,50060
5,18,28,3834,50060
6,18,28,5710,50060
7,6,48,4311,50060
8,28,33,11828,50060
9,28,42,10122,50060
1,36,40,1192,50062
2,33,26,1210,50062
3,31,56,9018,50062
4,59,55,2741,50062
5,36,29,7885,50062
6,52,37,7457,50062
7,38,10,13691,50062
8,59,3,14377,50062
9,39,7,13762,50062
1,32,12,1137,50060
2,40,57,1571,50060
3,57,27,2831,50060
4,56,19,2548,50060
5,56,31,3008,50060
6,48,33,3184,50060
7,10,22,3181,50060
8,36,32,18506,50060
9,27,42,14182,50060
1,7,33,1348,50013
2,52,3,2487,50013
3,50,11,4082,50013
4,22,29,2264,50013
5,12,33,3321,50013
6,24,8,5395,50013
7,15,54,6062,50013
8,54,29,12384,50013
9,54,29,12385,50013
1,27,16,585,50013
2,54,10,1165,50013
3,12,17,2338,50013
4,49,11,1621,50013
5,11,33,2585,50013
6,27,35,2389,50013
7,21,20,2509,50013
8,10,8,11155,50013
9,18,11,12522,50013
1,6,2,896,50047
2,25,54,2913,50047
3,57,59,5662,50047
4,13,51,3875,50047
5,15,47,8238,50047
6,56,58,4931,50047
7,38,20,16244,50047
8,32,50,74969,50047
9,8,29,52880,50047
1,48,25,1414,50047
2,29,47,1674,50047
3,11,10,4319,50047
4,48,7,2193,50047
5,0,2,5295,50047
6,49,29,10753,50047
7,49,1,9839,50047
8,51,20,40760,50047
9,55,44,34567,50047
1,45,25,1290,50060
2,41,19,1093,50060
3,51,32,1792,50060
4,44,18,1224,50060
5,40,2,2308,50060
6,52,33,1839,50060
7,39,29,1911,50060
8,34,22,4320,50060
9,33,23,3688,50060
1,3,13,1903,50062
2,45,50,4186,50062
3,58,24,12959,50062
4,24,33,6418,50062
5,38,7,11128,50062
6,59,18,7112,50062
7,0,23,22071,50062
1,21,53,1057,50062
2,46,11,1630,50062
3,52,59,9503,50062
4,49,23,8863,50062
5,56,14,9479,50062
6,50,24,8081,50062
7,40,8,12384,50062
8,22,9,82351,50062
9,46,40,99873,50062
1,19,25,1802,50065
2,22,31,1785,50065
3,46,6,2419,50065
4,2,28,2933,50065
5,35,12,3831,50065
6,30,17,3368,50065
7,43,15,3944,50065
8,32,39,30364,50065
9,26,46,8177,50065
1,52,5,1111,50065
2,49,6,921,50065
3,24,32,2851,50065
4,55,8,1494,50065
5,41,30,2321,50065
6,29,36,2715,50065
7,54,49,3946,50065
8,25,45,38174,50065
9,28,52,38157,50065
1,21,42,1019,50060
2,14,46,919,50060
3,56,51,1948,50060
4,14,42,1271,50060
5,16,32,1971,50060
6,16,38,2358,50060
7,53,22,2905,50060
8,26,22,6563,50060
9,33,34,7974,50060
1,20,33,933,50060
2,5,30,1405,50060
3,15,18,3093,50060
4,30,50,1738,50060
5,14,23,2393,50060
6,9,21,2451,50060
7,16,23,2421,50060
8,24,50,7095,50060
9,28,29,5188,50060
1,9,42,822,50062
2,18,32,2423,50062
3,24,1,8074,50062
4,35,1,4329,50062
5,46,3,7319,50062
6,22,48,5559,50062
7,41,22,9647,50062
8,12,16,58505,50062
1,11,9,763,50063
2,14,21,480,50063
3,24,30,1616,50063
4,5,13,1194,50063
5,28,27,1378,50063
6,6,20,1495,50063
7,29,33,1893,50063
8,26,16,3258,50063
9,29,24,4750,50063
1,6,8,1259,50063
2,20,58,1377,50063
3,19,57,2337,50063
4,32,28,1785,50063
5,7,34,2696,50063
6,35,35,3225,50063
7,28,3,3926,50063
8,22,16,22808,50063
9,18,19,18354,50063
1,30,54,1546,50013
2,24,53,2301,50013
3,16,22,7214,50013
4,30,44,4341,50013
5,30,28,6713,50013
6,14,4,3645,50013
7,6,33,10551,50013
8,44,33,15528,50013
9,34,47,55250,50013
1,25,50,1126,50047
2,1,25,1843,50047
3,4,26,2989,50047
4,24,7,5055,50047
5,4,14,15976,50047
6,53,53,5988,50047
7,34,15,11974,50047
8,16,53,73538,50047
9,18,34,61860,50047
1,48,6,1775,50047
2,48,56,2275,50047
3,31,6,5576,50047
4,14,46,4200,50047
5,43,6,5530,50047
6,37,4,5463,50047
7,39,5,5418,50047
8,22,21,6974,50047
9,36,2,17257,50047
1,0,36,973,50047
2,3,57,1253,50047
3,41,20,9020,50047
4,31,45,5327,50047
5,51,53,7177,50047
6,7,30,12981,50047
7,5,46,20539,50047
8,50,24,48049,50047
9,36,20,47889,50047
1,28,30,904,50013
2,38,46,1032,50013
3,15,30,2147,50013
4,40,45,1152,50013
5,14,14,2050,50013
6,41,19,3522,50013
7,47,28,2368,50013
8,28,38,49268,50013
9,33,53,48423,50013
1,29,40,753,50047
2,58,35,1461,50047
3,7,11,9212,50047
4,11,11,3489,50047
5,22,17,10567,50047
6,19,1,3994,50047
7,43,43,50998,50047
8,58,29,88720,50047
9,19,41,93879,50047
1,26,1,581,50063
2,51,58,1702,50063
3,29,28,2923,50063
4,58,12,1974,50063
5,12,23,3053,50063
6,9,22,3030,50063
7,10,21,3058,50063
8,33,21,14689,50063
9,28,23,3373,50063
1,7,46,1460,50065
2,8,32,2568,50065
3,28,23,3114,50065
4,23,26,2613,50065
5,25,16,2924,50065
6,25,25,2892,50065
7,42,54,4809,50065
8,20,43,4084,50065
9,44,49,5213,50065
1,59,37,1119,50062
2,4,50,889,50062
3,49,10,6533,50062
4,56,21,1871,50062
5,17,40,7269,50062
6,49,10,6533,50062
7,39,21,7445,50062
8,23,50,40351,50062
9,11,28,53219,50062
1,5,59,1130,50062
2,3,57,1679,50062
3,12,36,7347,50062
4,20,1,3657,50062
5,57,13,8474,50062
6,16,55,6193,50062
7,52,26,11284,50062
8,39,12,26692,50062
9,35,17,27575,50062
1,51,4,1064,50060
2,52,1,1366,50060
3,37,26,3142,50060
4,53,0,1559,50060
5,57,0,1743,50060
6,33,13,2470,50060
7,29,49,3127,50060
8,33,26,18232,50060
9,22,19,20917,50060
1,45,5,1158,50060
2,2,4,1702,50060
3,31,29,3974,50060
4,6,3,1977,50060
5,11,27,2469,50060
6,12,21,2518,50060
7,45,30,3815,50060
8,33,16,25246,50060
9,43,29,32059,50060
1,2,27,1483,50048
2,3,30,1604,50048
3,53,23,3264,50048
4,58,31,2679,50048
5,25,30,4433,50048
6,54,16,3196,50048
7,45,12,3443,50048
8,35,16,87707,50048
9,47,20,62847,50048
1,44,22,1963,50048
2,18,34,2808,50048
3,14,51,6070,50048
4,11,58,2431,50048
5,37,13,4281,50048
6,22,54,4211,50048
7,37,18,5528,50048
8,17,29,12611,50048
9,29,32,12605,50048
1,0,34,659,50048
2,29,34,3884,50048
3,21,8,10030,50048
4,18,38,3075,50048
5,2,48,5778,50048
6,6,7,10413,50048
7,32,49,8929,50048
8,56,24,25380,50048
9,48,27,49799,50048
1,33,12,602,50048
2,39,12,1075,50048
3,51,4,2402,50048
4,41,11,1169,50048
5,38,15,1359,50048
6,31,16,1843,50048
7,41,44,2822,50048
8,29,21,10162,50048
9,44,49,12237,50048
1,20,0,1667,50065
2,55,25,2247,50065
3,25,26,5203,50065
4,25,17,3903,50065
5,16,30,5005,50065
6,56,19,2623,50065
7,35,19,5348,50065
8,33,34,6053,50065
9,23,30,13852,50065
1,4,49,749,50060
2,2,34,1151,50060
3,15,37,1636,50060
4,6,44,1053,50060
5,6,48,1337,50060
6,26,53,1474,50060
7,9,29,2136,50060
8,29,27,5752,50060
9,31,27,5752,50060
1,8,7,292,50062
2,31,31,2726,50062
3,26,36,8879,50062
4,2,51,5119,50062
5,26,23,10281,50062
6,31,37,7347,50062
7,47,12,16816,50062
8,51,13,13927,50062
9,30,36,63668,50062
1,48,59,1017,50062
2,5,4,1499,50062
3,15,35,5846,50062
4,26,16,4332,50062
5,43,11,3030,50062
6,50,4,7717,50062
7,41,17,10534,50062
8,14,13,28930,50062
9,12,25,29467,50062
1,41,2,1208,50060
2,41,2,1729,50060
3,27,11,2655,50060
4,39,5,2142,50060
5,33,23,2721,50060
6,28,19,2728,50060
7,36,24,2787,50060
8,39,31,40414,50060
9,25,44,33662,50060
1,43,22,1070,50047
2,45,19,949,50047
3,14,14,8374,50047
4,39,14,5907,50047
5,5,13,9121,50047
6,18,14,7907,50047
7,33,4,45198,50047
8,48,28,68345,50047
9,51,39,96213,50047
1,51,49,1137,50047
2,45,13,2160,50047
3,9,31,4112,50047
4,16,8,3187,50047
5,12,18,19625,50047
6,6,40,2207,50047
7,16,37,27100,50047
8,45,28,52139,50047
9,35,43,54673,50047
1,16,4,1006,50013
2,16,47,1491,50013
3,3,20,4720,50013
4,45,48,3850,50013
5,6,40,4435,50013
6,35,54,2634,50013
7,37,46,4269,50013
8,51,48,64620,50013
1,0,50,797,50047
2,32,51,1543,50047
3,25,1,6909,50047
4,25,10,2368,50047
5,30,11,11257,50047
6,31,6,3707,50047
7,39,20,10733,50047
8,58,53,65240,50047
1,1,21,905,50013
2,18,35,1042,50013
3,33,32,2427,50013
4,55,28,1489,50013
5,6,25,2126,50013
6,0,16,2024,50013
7,31,13,2707,50013
8,49,40,24369,50013
9,10,11,19751,50013
1,13,28,1404,50013
2,46,30,1451,50013
3,40,50,3788,50013
4,53,38,2429,50013
5,32,6,3360,50013
6,40,53,3864,50013
7,41,45,3684,50013
8,38,54,5519,50013
9,10,23,5507,50013
1,20,16,1535,50063
2,18,7,1765,50063
3,28,7,1956,50063
4,25,19,1677,50063
5,12,19,1821,50063
6,1,20,2524,50063
7,2,14,2518,50063
8,32,17,10553,50063
9,19,18,7720,50063
1,31,5,1310,50048
2,14,35,2072,50048
3,54,32,3112,50048
4,28,34,2412,50048
5,27,8,2741,50048
6,54,31,3344,50048
7,16,16,3098,50048
8,17,16,20763,50048
9,32,28,19858,50048
1,15,24,1069,50048
2,2,14,784,50048
3,29,32,2714,50048
4,13,18,1850,50048
5,53,26,3134,50048
6,11,36,2758,50048
7,50,28,3454,50048
8,40,33,16011,50048
9,17,17,28476,50048
1,44,1,972,50060
2,17,2,1371,50060
3,20,45,3732,50060
4,51,1,1831,50060
5,37,28,4147,50060
6,16,47,3613,50060
7,40,22,3959,50060
8,30,36,5120,50060
9,42,28,7832,50060
1,58,41,2028,50060
2,39,12,2359,50060
3,36,27,10535,50060
4,33,10,2723,50060
5,28,15,2930,50060
6,5,27,6963,50060
7,35,31,10511,50060
8,44,33,45968,50060
9,32,21,67368,50060
1,29,4,716,50065
2,51,27,1330,50065
3,38,22,2334,50065
4,43,1,1539,50065
5,40,10,2373,50065
6,48,32,3538,50065
7,30,41,4305,50065
8,28,40,9451,50065
9,25,36,12160,50065
1,22,40,829,50062
2,47,19,1718,50062
3,28,36,5486,50062
4,59,5,3405,50062
5,30,37,10362,50062
6,35,57,5661,50062
7,3,31,6140,50062
8,46,24,7290,50062
1,18,39,596,50062
2,8,51,1822,50062
3,37,19,11997,50062
4,32,9,1300,50062
5,50,4,18459,50062
6,50,36,9566,50062
7,34,22,8387,50062
8,38,27,30337,50062
1,9,21,1574,50065
2,42,20,1338,50065
3,38,42,5472,50065
4,22,21,2744,50065
5,21,28,4107,50065
6,33,32,5308,50065
7,48,14,5058,50065
8,26,35,38507,50065
9,28,20,25832,50065
1,29,54,1289,50065
2,54,7,2044,50065
3,27,6,4551,50065
4,19,13,3219,50065
5,37,26,4550,50065
6,23,9,4919,50065
7,44,58,4717,50065
8,11,33,31274,50065
9,30,52,23701,50065
1,21,58,1015,50063
2,5,7,762,50063
3,29,15,3339,50063
4,1,9,955,50063
5,18,19,1063,50063
6,27,15,2420,50063
7,33,23,2408,50063
8,33,21,12881,50063
9,27,15,12877,50063
1,58,23,1172,50013
2,4,23,1978,50013
3,41,14,2740,50013
4,5,31,2960,50013
5,10,14,3793,50013
6,3,27,3642,50013
7,11,28,2866,50013
8,15,17,6726,50013
9,20,29,6344,50013
1,37,16,955,50048
2,11,8,281,50048
3,57,8,1685,50048
4,41,10,1041,50048
5,32,15,2788,50048
6,50,23,2140,50048
7,50,24,2348,50048
8,39,29,7471,50048
9,50,19,23723,50048
1,8,3,720,50060
2,6,4,872,50060
3,17,28,1454,50060
4,9,6,845,50060
5,9,7,1283,50060
6,52,27,2223,50060
7,3,3,1217,50060
8,19,19,4800,50060
9,25,20,6225,50060
1,1,23,601,50060
2,7,35,1113,50060
3,30,10,2101,50060
4,41,19,1539,50060
5,33,22,2198,50060
6,27,5,2044,50060
7,29,20,2208,50060
8,6,50,20761,50060
9,34,31,5346,50060
1,48,29,1248,50065
2,50,13,1415,50065
3,27,30,4797,50065
4,23,0,3560,50065
5,31,2,4233,50065
6,21,24,4713,50065
7,24,26,4712,50065
8,41,32,29273,50065
9,30,47,27660,50065
1,56,18,1354,50062
2,51,15,1637,50062
3,37,7,5809,50062
4,41,18,2964,50062
5,51,12,3832,50062
6,37,7,4008,50062
7,56,16,6185,50062
8,54,14,23736,50062
1,10,37,892,50062
2,16,49,1400,50062
3,21,28,5599,50062
4,20,50,1994,50062
5,37,8,6931,50062
6,56,57,2304,50062
7,27,54,5274,50062
8,34,50,21692,50062
9,51,52,23052,50062
1,44,11,1288,50063
2,15,5,1367,50063
3,31,12,2201,50063
4,17,11,1680,50063
5,28,21,2031,50063
6,15,22,1800,50063
7,18,21,2136,50063
8,18,42,3342,50063
9,21,20,2154,50063
1,3,59,1151,50065
2,56,52,2113,50065
3,37,43,3632,50065
4,13,53,2941,50065
5,17,35,3653,50065
6,33,49,3906,50065
7,23,34,3903,50065
8,29,49,42535,50065
9,28,45,76772,50065
1,15,2,891,50065
2,40,14,2440,50065
3,50,7,4469,50065
4,39,9,3177,50065
5,46,21,3940,50065
6,41,22,5238,50065
7,33,25,5123,50065
8,35,50,35626,50065
9,26,49,42044,50065
1,7,12,2255,50047
2,20,57,989,50047
3,11,33,5965,50047
4,55,56,4687,50047
5,6,10,15651,50047
6,16,33,15526,50047
7,6,10,23610,50047
8,30,25,83170,50047
1,28,35,1909,50047
2,36,32,2173,50047
3,10,18,7114,50047
4,17,7,4572,50047
5,29,10,6661,50047
6,30,48,8247,50047
7,3,33,12941,50047
8,27,26,29452,50047
9,56,35,38018,50047
1,54,30,2218,50013
2,38,16,4853,50013
3,40,11,7426,50013
4,31,47,5659,50013
5,6,23,7335,50013
6,28,11,6518,50013
7,55,36,12216,50013
8,7,30,9768,50013
9,46,43,59020,50013
1,28,47,1364,50047
2,21,42,2396,50047
3,40,56,16126,50047
4,30,5,4615,50047
5,6,58,45408,50047
6,30,32,8986,50047
7,40,19,45981,50047
1,52,35,1854,50013
2,56,27,2637,50013
3,51,21,3262,50013
4,50,48,2559,50013
5,25,22,4215,50013
6,50,28,3364,50013
7,13,17,4007,50013
8,31,40,23769,50013
9,40,38,61598,50013
1,22,16,1347,50013
2,55,17,1450,50013
3,17,8,6212,50013
4,36,11,4716,50013
5,28,25,6121,50013
6,32,29,6205,50013
7,21,32,6454,50013
8,54,47,8192,50013
9,36,34,9233,50013
1,58,19,886,50065
2,58,37,1555,50065
3,7,44,4161,50065
4,20,56,3525,50065
5,55,16,4729,50065
6,56,16,3438,50065
7,31,31,5178,50065
8,36,36,20530,50065
9,34,41,15997,50065
1,51,31,1148,50063
2,9,49,1216,50063
3,29,52,1793,50063
4,9,47,1177,50063
5,13,27,1546,50063
6,11,26,2044,50063
7,19,19,1638,50063
8,28,21,61131,50063
9,26,18,34173,50063
1,46,1,1099,50060
2,58,49,1025,50060
3,30,32,2530,50060
4,24,42,1908,50060
5,19,44,2169,50060
6,32,49,2407,50060
7,29,41,2225,50060
8,32,29,13995,50060
9,43,26,4278,50060
1,8,2,938,50062
2,44,40,2104,50062
3,32,55,9188,50062
4,59,30,7361,50062
5,38,19,12069,50062
6,42,25,9184,50062
7,51,36,21973,50062
8,42,1,54351,50062
9,30,4,64614,50062
1,7,49,1396,50060
2,1,51,1698,50060
3,12,24,7465,50060
4,26,33,2845,50060
5,27,18,5383,50060
6,13,33,6540,50060
7,33,24,15748,50060
8,41,25,27288,50060
9,40,33,27444,50060
1,58,2,1211,50062
2,52,10,1512,50062
3,28,18,16574,50062
4,11,26,7409,50062
5,54,11,18969,50062
6,34,28,10190,50062
7,41,10,22498,50062
8,36,16,17944,50062
9,40,32,48200,50062
1,15,30,1292,50048
2,19,57,3419,50048
3,55,46,3804,50048
4,42,22,4608,50048
5,36,36,5779,50048
6,53,46,4313,50048
7,54,25,5254,50048
8,16,44,20526,50048
9,38,3,41941,50048
1,39,23,686,50048
2,58,30,973,50048
3,22,32,4864,50048
4,38,11,3060,50048
5,33,21,3966,50048
6,42,29,5474,50048
7,30,47,3938,50048
1,45,35,2291,50048
2,48,29,3432,50048
3,49,19,4240,50048
4,44,31,4296,50048
5,33,25,4783,50048
6,30,45,7248,50048
7,22,46,7231,50048
8,9,48,33469,50048
9,11,50,33445,50048
1,56,19,1119,50065
2,35,22,1634,50065
3,27,35,3799,50065
4,39,18,2191,50065
5,37,16,2755,50065
6,52,28,3423,50065
7,19,19,2899,50065
8,36,25,26393,50065
9,40,46,66906,50065
1,29,54,1845,50065
2,50,57,1405,50065
3,37,49,3555,50065
4,54,2,2408,50065
5,42,37,3891,50065
6,37,53,3745,50065
7,18,34,4005,50065
8,23,32,42938,50065
1,20,26,651,50060
2,1,34,741,50060
3,24,3,1592,50060
4,1,33,755,50060
5,11,8,2048,50060
6,27,14,1935,50060
7,35,27,5829,50060
8,15,15,14503,50060
9,42,33,22509,50060
1,5,36,569,50062
2,55,15,809,50062
3,10,38,20518,50062
4,55,55,7452,50062
5,5,41,19832,50062
6,48,25,15427,50062
7,58,34,11076,50062
8,50,34,28986,50062
9,36,48,28643,50062
1,27,36,1187,50060
2,22,31,1478,50060
3,17,26,2438,50060
4,26,42,1688,50060
5,19,39,2123,50060
6,10,41,2138,50060
7,14,33,2406,50060
8,34,31,20948,50060
9,32,15,11920,50060
1,38,23,875,50062
2,8,40,1679,50062
3,53,46,7549,50062
4,11,47,2795,50062
5,55,5,7448,50062
6,56,9,5933,50062
7,49,4,8245,50062
8,37,25,80385,50062
1,39,18,907,50013
2,36,23,731,50013
3,51,52,2698,50013
4,33,23,825,50013
5,3,14,1705,50013
6,27,29,1781,50013
7,30,6,2988,50013
8,51,32,13464,50013
9,45,37,13351,50013
1,25,14,459,50047
2,26,32,1539,50047
3,12,8,3081,50047
4,7,14,3313,50047
5,20,9,4388,50047
6,50,31,881,50047
7,9,41,6641,50047
8,25,11,23373,50047
9,51,36,75312,50047
1,10,7,1073,50047
2,1,44,2770,50047
3,7,35,3992,50047
4,19,47,3349,50047
5,11,44,4081,50047
6,58,31,12098,50047
7,47,27,17207,50047
8,29,42,23736,50047
1,56,17,2287,50013
2,35,25,3071,50013
3,24,38,4589,50013
4,56,20,2483,50013
5,11,10,5232,50013
6,37,28,4345,50013
7,12,24,6635,50013
8,48,43,10856,50013
9,31,55,12406,50013
1,57,31,1334,50013
2,42,23,1838,50013
3,36,19,3124,50013
4,45,21,2490,50013
5,56,22,2870,50013
6,39,18,3115,50013
7,38,22,3108,50013
8,33,43,60954,50013
9,14,20,40994,50013
1,53,34,1577,50013
2,26,11,1930,50013
3,9,41,4477,50013
4,28,16,2398,50013
5,29,19,3053,50013
6,45,11,4206,50013
7,39,55,6992,50013
8,45,43,53724,50013
9,43,49,72212,50013
1,2,37,1313,50047
2,18,7,2417,50047
3,3,5,18262,50047
4,23,25,5026,50047
5,55,20,9313,50047
6,57,8,5445,50047
7,4,13,14841,50047
9,3,6,45357,50047
1,4,37,1138,50062
2,16,58,1460,50062
3,36,37,4462,50062
4,22,52,1337,50062
5,37,36,4353,50062
6,10,35,2544,50062
7,52,44,5804,50062
8,54,51,90774,50062
9,50,59,89273,50062
1,25,2,2221,50062
2,20,11,1203,50062
3,36,54,14989,50062
4,16,21,3182,50062
5,54,11,14032,50062
6,59,0,4427,50062
7,56,16,13896,50062
1,34,43,1379,50060
2,55,10,1820,50060
3,46,18,2425,50060
4,50,17,2213,50060
5,37,21,3409,50060
6,39,18,2492,50060
7,19,40,4062,50060
8,28,35,5103,50060
9,30,27,10623,50060
1,10,29,2297,50065
2,36,31,3030,50065
3,12,34,4407,50065
4,57,23,3039,50065
5,55,24,4896,50065
6,36,13,5584,50065
7,24,30,4779,50065
8,56,14,60644,50065
9,25,32,59714,50065
1,14,29,1121,50062
2,0,3,2615,50062
3,5,2,6239,50062
4,32,42,3894,50062
5,57,6,8376,50062
6,1,8,6191,50062
7,17,32,8902,50062
8,10,36,28658,50062
9,11,24,18323,50062
1,0,8,2266,50060
2,3,10,2483,50060
3,20,52,5566,50060
4,3,13,2686,50060
5,5,13,3252,50060
6,34,3,2495,50060
7,23,48,8840,50060
8,33,27,29491,50060
9,35,25,62091,50060
1,28,40,1631,50060
2,32,25,1108,50060
3,25,29,5853,50060
4,32,27,1425,50060
5,12,10,1870,50060
6,10,21,3278,50060
7,13,37,2809,50060
8,29,38,26792,50060
9,31,20,23148,50060
1,20,37,632,50048
2,0,41,1146,50048
3,29,48,2991,50048
4,3,40,1070,50048
5,1,46,1706,50048
6,13,50,2159,50048
7,40,17,4217,50048
8,29,57,3900,50048
9,31,51,2986,50048
1,47,25,972,50013
2,33,59,1335,50013
3,43,12,4549,50013
4,59,16,3203,50013
5,30,18,4028,50013
6,38,23,5909,50013
7,15,36,4281,50013
8,12,45,40289,50013
9,9,43,40255,50013
1,13,21,784,50013
2,34,38,1418,50013
3,8,32,3994,50013
4,35,20,1367,50013
5,41,23,1910,50013
6,23,22,2592,50013
7,51,13,6829,50013
8,0,42,6358,50013
9,41,51,8432,50013
1,48,7,1424,50047
2,10,6,1935,50047
3,31,11,4241,50047
4,6,5,3929,50047
5,29,4,6634,50047
6,10,43,9698,50047
7,37,0,43323,50047
1,20,17,1765,50047
2,53,18,1034,50047
3,18,46,5570,50047
4,16,58,1540,50047
5,32,3,5380,50047
6,22,50,2237,50047
7,24,0,6438,50047
8,49,39,12470,50047
9,27,4,8403,50047
1,10,54,828,50062
2,45,40,1703,50062
3,25,6,13522,50062
4,35,1,3701,50062
5,17,4,16741,50062
6,49,35,10508,50062
7,35,14,14070,50062
1,55,55,1018,50062
2,47,22,1946,50062
3,53,55,9975,50062
4,55,19,2528,50062
5,58,45,10199,50062
6,53,47,8374,50062
7,55,57,10344,50062
1,27,44,1201,50060
2,20,0,1339,50060
3,36,25,3109,50060
4,13,51,2013,50060
5,13,25,2765,50060
6,5,36,2421,50060
7,11,45,2828,50060
1,42,12,2293,50048
2,37,3,2321,50048
3,40,30,5748,50048
4,56,24,4517,50048
5,36,22,5577,50048
6,38,34,5725,50048
7,41,30,5751,50048
8,42,5,44990,50048
9,36,29,36308,50048
1,58,11,1240,50065
2,35,7,1774,50065
3,4,6,6343,50065
4,30,23,2440,50065
5,30,26,2428,50065
6,42,39,3325,50065
7,42,2,3770,50065
8,35,35,9266,50065
9,40,48,14039,50065
1,11,24,1393,50065
2,1,17,585,50065
3,18,17,6181,50065
4,10,20,1976,50065
5,23,45,2995,50065
6,7,42,1703,50065
7,15,14,5985,50065
8,32,46,24757,50065
9,49,31,26215,50065
1,9,30,980,50063
2,11,26,1130,50063
3,17,22,3155,50063
4,18,25,1777,50063
5,19,23,3607,50063
6,19,23,3378,50063
7,17,29,3330,50063
8,18,25,5531,50063
9,21,18,11310,50063
1,36,5,2134,50060
2,39,35,2739,50060
3,13,34,10279,50060
4,55,41,2342,50060
5,32,29,3095,50060
6,13,29,10611,50060
7,10,16,4205,50060
8,44,26,29986,50060
9,36,24,29947,50060
1,26,22,662,50060
2,2,34,1362,50060
3,23,31,2590,50060
4,17,34,1772,50060
5,18,27,4034,50060
6,24,13,2776,50060
7,30,14,2479,50060
8,39,24,7760,50060
9,29,21,7118,50060
1,14,37,1104,50060
2,13,25,1839,50060
3,10,26,4005,50060
4,31,40,2256,50060
5,11,23,3600,50060
6,27,21,4608,50060
7,18,26,4493,50060
8,28,20,4937,50060
9,8,17,4551,50060
1,25,48,1565,50062
2,39,52,2503,50062
3,47,47,8739,50062
4,30,16,3601,50062
5,38,26,12516,50062
6,38,25,3520,50062
7,58,2,14759,50062
8,0,33,26364,50062
9,16,21,29745,50062
1,46,8,1331,50062
2,34,7,1128,50062
3,11,0,6101,50062
4,22,16,4313,50062
5,50,5,10191,50062
6,46,56,4023,50062
7,29,27,17822,50062
8,18,5,27208,50062
9,53,39,39596,50062
1,48,40,913,50013
2,41,12,2289,50013
3,28,22,4070,50013
4,45,20,2450,50013
5,26,13,4279,50013
6,28,19,3590,50013
7,29,16,4010,50013
8,37,40,6051,50013
9,9,38,40539,50013
1,34,33,1398,50013
2,40,24,2033,50013
3,25,10,2769,50013
4,42,26,2268,50013
5,14,10,2644,50013
6,21,30,3294,50013
7,2,4,3925,50013
8,37,44,18999,50013
9,41,42,14552,50013
1,50,53,1184,50047
2,31,32,1418,50047
3,18,7,2430,50047
4,13,53,2407,50047
5,3,51,13628,50047
6,6,25,4829,50047
7,27,18,4222,50047
1,10,45,1030,50047
2,46,4,2513,50047
3,12,28,12022,50047
4,55,29,3229,50047
5,5,14,7309,50047
6,15,58,5250,50047
7,20,2,7416,50047
8,27,10,93600,50047
1,16,18,1643,50013
2,21,28,1485,50013
3,19,21,3208,50013
4,47,55,3415,50013
5,56,38,3647,50013
6,27,4,2539,50013
7,30,28,8241,50013
8,58,36,40499,50013
9,41,46,40272,50013
1,5,31,2407,50047
2,22,0,1503,50047
3,57,42,5702,50047
4,22,1,1722,50047
5,51,32,6148,50047
6,46,17,5719,50047
7,11,20,17724,50047
8,43,50,75664,50047
9,22,58,71433,50047
1,45,52,1366,50047
2,46,53,3064,50047
3,25,8,7267,50047
4,29,4,6428,50047
5,21,5,11627,50047
6,59,11,7534,50047
7,3,22,8453,50047
8,6,55,17792,50047
9,40,51,35340,50047
1,10,12,944,50060
2,17,17,1230,50060
3,2,11,2559,50060
4,7,33,1465,50060
5,9,28,2478,50060
6,19,1,2428,50060
7,9,15,2167,50060
8,31,31,3814,50060
9,35,18,6137,50060
1,23,2,1148,50060
2,16,14,1751,50060
3,52,19,2232,50060
4,48,20,1911,50060
5,31,42,3557,50060
6,29,12,3156,50060
7,32,33,4897,50060
8,42,27,11055,50060
9,31,22,10126,50060
1,8,49,1013,50062
2,55,54,1998,50062
3,41,57,6139,50062
4,40,59,2969,50062
5,44,20,14068,50062
6,55,28,5006,50062
7,5,20,23418,50062
8,4,43,76713,50062
9,46,59,75597,50062
1,4,57,2432,50062
2,1,58,1663,50062
3,43,6,6329,50062
4,56,25,5259,50062
5,44,4,6854,50062
6,50,22,7865,50062
7,59,7,6606,50062
8,53,22,25360,50062
9,36,48,24721,50062
1,58,23,1534,50048
2,23,45,1820,50048
3,35,22,3036,50048
4,38,23,3041,50048
5,27,13,3801,50048
6,38,21,2995,50048
7,45,33,3505,50048
8,47,26,8715,50048
9,48,30,8710,50048
1,9,38,884,50048
2,7,46,2246,50048
3,18,50,4946,50048
4,12,31,2699,50048
5,24,26,3331,50048
6,20,51,3983,50048
7,16,22,4928,50048
8,52,20,13521,50048
9,29,44,17899,50048
1,15,45,1538,50060
2,36,44,2411,50060
3,39,33,7774,50060
4,19,8,4547,50060
5,26,12,4683,50060
6,34,46,2653,50060
7,9,23,9853,50060
8,16,16,10343,50060
9,33,30,14875,50060
1,51,13,1060,50062
2,54,26,1272,50062
3,41,51,3929,50062
4,56,35,2571,50062
5,44,13,11649,50062
6,39,45,3512,50062
7,3,35,25167,50062
8,42,21,42653,50062
9,39,17,42637,50062
1,32,19,629,50062
2,36,23,755,50062
3,36,28,14937,50062
4,49,45,7942,50062
5,9,31,12732,50062
6,42,57,9600,50062
7,30,49,12231,50062
8,45,12,46639,50062
9,18,14,99397,50062
1,4,16,1408,50060
2,3,12,1797,50060
3,40,30,6235,50060
4,29,24,1988,50060
5,35,19,2127,50060
6,39,34,3678,50060
7,20,31,3429,50060
8,34,28,62086,50060
9,46,25,41783,50060
1,7,44,1661,50065
2,31,41,2235,50065
3,39,20,4243,50065
4,38,28,3052,50065
5,37,41,4140,50065
6,35,50,4783,50065
7,16,41,2722,50065
8,18,26,15744,50065
9,36,52,6131,50065
1,58,20,996,50065
2,31,38,1675,50065
3,57,58,5818,50065
4,29,34,2325,50065
5,28,22,3913,50065
6,33,29,4658,50065
7,34,43,6970,50065
8,37,35,83192,50065
9,18,19,36479,50065
1,3,35,1225,50047
2,13,43,1251,50047
3,22,28,4234,50047
4,3,23,3541,50047
5,12,1,6142,50047
6,59,18,3768,50047
7,17,36,8161,50047
8,34,27,80737,50047
9,24,52,49819,50047
1,3,10,1127,50047
2,1,9,2588,50047
3,37,34,8384,50047
4,58,18,8408,50047
5,10,35,10323,50047
6,35,22,7334,50047
7,58,34,8097,50047
8,29,5,83498,50047
9,37,9,80140,50047
1,20,14,1089,50047
2,1,21,1758,50047
3,35,0,9748,50047
4,24,0,3607,50047
5,37,4,10028,50047
6,51,20,3824,50047
7,5,5,9967,50047
8,31,30,46062,50047
9,50,51,42863,50047
1,0,51,751,50013
2,32,50,1648,50013
3,18,43,3254,50013
4,0,48,1944,50013
5,18,43,4205,50013
6,2,58,2736,50013
7,16,25,5111,50013
8,16,46,7917,50013
9,29,50,8364,50013
1,51,44,1251,50047
2,38,8,1406,50047
3,15,58,4460,50047
4,36,38,4619,50047
5,24,15,6192,50047
6,12,54,4674,50047
7,53,25,13198,50047
1,28,46,1046,50013
2,51,48,1580,50013
3,49,27,3798,50013
4,16,42,2358,50013
5,10,25,4645,50013
6,41,35,4406,50013
7,58,31,5993,50013
8,30,41,10609,50013
9,44,52,15092,50013
1,16,38,930,50013
2,14,20,2822,50013
3,0,16,3196,50013
4,19,27,2961,50013
5,14,19,3202,50013
6,14,2,3519,50013
7,24,28,3566,50013
8,49,43,10581,50013
9,25,21,32328,50013
1,37,15,1578,50060
2,36,16,1336,50060
3,51,16,2711,50060
4,38,14,1586,50060
5,27,25,2400,50060
6,7,31,2934,50060
7,16,38,3029,50060
8,17,16,73719,50060
9,38,35,63280,50060
1,17,17,2157,50060
2,54,23,1964,50060
3,20,17,2868,50060
4,54,21,2370,50060
5,51,27,2575,50060
6,17,14,2826,50060
7,19,25,2938,50060
8,36,30,10808,50060
9,48,37,5963,50060
1,23,40,1398,50065
2,44,26,1422,50065
3,47,19,2588,50065
4,38,33,2070,50065
5,27,25,3151,50065
6,34,8,3246,50065
7,38,1,4910,50065
8,30,41,18424,50065
9,25,42,94060,50065
1,15,46,1128,50062
2,9,39,1546,50062
3,52,47,7299,50062
4,3,7,3651,50062
5,56,55,6112,50062
6,24,54,4808,50062
7,43,51,6203,50062
8,24,11,18493,50062
9,45,11,20114,50062
1,44,50,1495,50062
2,20,26,1917,50062
3,39,10,15373,50062
4,48,29,4759,50062
5,45,6,17751,50062
6,50,26,12784,50062
7,32,5,28634,50062
8,49,53,72012,50062
1,33,57,1652,50013
2,20,9,705,50013
3,22,43,4137,50013
4,26,29,3234,50013
5,19,42,5624,50013
6,2,20,4739,50013
7,47,14,6792,50013
8,39,38,12800,50013
9,25,6,18605,50013
1,41,47,1372,50047
2,48,18,1032,50047
3,52,41,7038,50047
4,42,16,4152,50047
5,47,18,4094,50047
6,59,35,6787,50047
7,23,11,5985,50047
8,56,36,15166,50047
9,34,36,14560,50047
1,53,26,1484,50047
2,42,51,2478,50047
3,46,58,8227,50047
4,54,18,4267,50047
5,40,3,6215,50047
6,53,59,7833,50047
7,27,24,12001,50047
8,53,12,41342,50047
1,42,1,1797,50013
2,16,10,2481,50013
3,24,8,4988,50013
4,27,8,3140,50013
5,0,13,3879,50013
6,13,21,4541,50013
7,7,10,4372,50013
8,7,20,7531,50013
9,54,21,9879,50013
1,56,23,2186,50013
2,41,19,2161,50013
3,16,23,3443,50013
4,50,29,2882,50013
5,12,21,3413,50013
6,10,31,3935,50013
7,17,44,3507,50013
8,42,19,5923,50013
9,16,17,5595,50013
1,5,18,891,50047
2,53,8,1631,50047
3,57,58,8856,50047
4,44,51,2453,50047
5,28,3,9328,50047
6,2,22,9041,50047
7,7,3,14287,50047
9,6,28,18972,50047
1,16,58,1543,50062
2,13,59,1540,50062
3,46,54,16182,50062
4,53,3,7301,50062
5,0,37,3758,50062
6,54,28,11248,50062
7,48,13,15331,50062
8,23,21,88358,50062
9,38,15,66268,50062
1,43,51,1916,50060
2,31,37,1780,50060
3,29,45,5624,50060
4,0,50,2654,50060
5,4,37,3313,50060
6,11,52,5829,50060
7,15,54,5756,50060
8,31,24,36414,50060
9,57,30,12615,50060
1,37,29,2313,50062
2,39,49,3336,50062
3,10,44,9331,50062
4,14,16,4032,50062
5,52,14,9934,50062
6,5,33,6646,50062
7,54,23,11290,50062
8,38,46,51130,50062
9,52,47,50296,50062
1,59,4,1184,50062
2,27,39,1099,50062
3,49,12,7262,50062
4,52,12,5955,50062
5,43,0,6211,50062
6,8,16,4165,50062
7,12,15,11405,50062
8,6,18,41927,50062
9,25,50,58627,50062
1,20,51,1167,50065
2,5,33,1089,50065
3,8,49,3573,50065
4,10,49,3453,50065
5,24,58,2680,50065
6,7,38,2361,50065
7,38,56,4623,50065
8,54,57,10510,50065
9,58,55,12730,50065
1,53,24,1456,50065
2,44,12,2611,50065
3,15,2,3830,50065
4,13,17,2691,50065
5,31,47,2942,50065
6,26,4,3746,50065
7,30,37,4002,50065
8,41,28,9131,50065
9,33,46,7925,50065
1,54,4,1021,50063
2,39,30,1899,50063
3,30,29,2821,50063
4,39,33,2555,50063
5,42,33,2950,50063
6,35,33,2341,50063
7,10,20,3446,50063
8,32,20,9228,50063
9,25,17,8531,50063
1,5,1,1884,50048
2,2,14,1215,50048
3,21,4,3873,50048
4,44,19,2986,50048
5,34,19,4200,50048
6,18,52,3386,50048
7,28,21,3999,50048
8,43,19,6447,50048
9,37,13,7515,50048
1,55,32,1157,50048
2,54,32,1278,50048
3,50,37,3878,50048
4,6,7,3052,50048
5,36,10,4490,50048
6,55,21,3894,50048
7,35,19,5228,50048
8,34,24,11593,50048
9,44,21,11186,50048
1,51,27,1037,50060
2,50,20,1480,50060
3,45,41,1819,50060
4,53,25,1384,50060
5,24,41,2059,50060
6,28,37,3118,50060
7,26,38,3274,50060
8,40,14,19243,50060
9,14,18,14457,50060
1,22,14,1302,50062
2,56,45,1138,50062
3,41,8,6855,50062
4,15,28,5591,50062
5,32,17,10617,50062
6,42,45,6472,50062
7,27,12,11859,50062
8,10,19,29521,50062
9,12,14,24985,50062
1,25,24,1275,50060
2,29,20,1081,50060
3,31,3,1909,50060
4,29,21,1244,50060
5,30,22,2834,50060
6,30,25,2951,50060
7,34,26,2818,50060
8,26,20,3326,50060
9,39,21,5431,50060
1,40,41,1128,50047
2,8,14,2158,50047
3,15,23,17610,50047
4,8,29,6598,50047
5,8,35,8865,50047
6,58,26,13230,50047
7,20,28,5370,50047
8,54,25,50620,50047
9,8,24,97162,50047
1,45,51,911,50047
2,4,50,1888,50047
3,21,2,6278,50047
4,15,48,5655,50047
5,21,31,18825,50047
6,39,42,10086,50047
7,0,26,3313,50047
8,6,25,21686,50047
9,44,46,88504,50047
1,16,30,1924,50013
2,48,17,1699,50013
3,46,52,9901,50013
4,6,30,2533,50013
5,11,25,2861,50013
6,59,28,3597,50013
7,53,41,4146,50013
8,33,37,44135,50013
9,54,16,49975,50013
1,14,9,1915,50047
2,23,38,2483,50047
3,43,16,18817,50047
4,9,3,2774,50047
5,5,9,4362,50047
6,46,15,18656,50047
7,4,40,15761,50047
8,29,37,28033,50047
9,32,7,41021,50047
1,47,1,753,50047
2,54,14,3157,50047
3,1,28,8995,50047
4,14,11,6326,50047
5,54,2,2617,50047
6,50,47,7635,50047
7,15,6,9636,50047
9,27,6,33792,50047
1,57,15,1625,50013
2,56,11,1418,50013
3,35,38,4650,50013
4,47,4,1736,50013
5,16,25,3808,50013
6,14,8,3591,50013
7,27,45,5122,50013
8,27,46,10960,50013
9,25,46,10952,50013
1,7,15,1464,50013
2,35,54,1184,50013
3,36,58,5017,50013
4,37,53,1260,50013
5,21,23,2561,50013
6,20,27,4227,50013
7,22,21,2855,50013
8,20,29,18147,50013
9,42,24,19478,50013
1,36,8,1747,50065
2,9,45,2010,50065
3,36,17,4266,50065
4,7,49,1992,50065
5,13,53,2873,50065
6,18,24,7914,50065
7,52,46,3102,50065
8,36,34,34278,50065
9,47,51,62186,50065
1,40,20,1100,50062
2,21,54,960,50062
3,34,4,4387,50062
4,45,37,1718,50062
5,44,2,14016,50062
6,44,4,4270,50062
7,13,56,18679,50062
1,48,13,1001,50062
2,15,1,1209,50062
3,49,15,4766,50062
4,17,52,2417,50062
5,16,9,11532,50062
6,49,12,4889,50062
7,31,5,12474,50062
8,56,14,19061,50062
9,23,38,49859,50062
1,25,40,1977,50060
2,50,19,2767,50060
3,42,27,5775,50060
4,25,40,1977,50060
5,22,14,3552,50060
6,27,53,4685,50060
7,22,49,4078,50060
8,32,28,10656,50060
9,32,27,9755,50060
1,43,4,1411,50063
2,40,15,1581,50063
3,37,16,2771,50063
4,44,13,1800,50063
5,11,27,2259,50063
6,37,25,2743,50063
7,28,16,2753,50063
8,34,18,13159,50063
9,32,16,8055,50063
1,3,44,797,50063
2,46,39,1774,50063
3,13,29,2321,50063
4,1,26,1760,50063
5,6,24,2013,50063
6,20,30,2274,50063
7,14,19,2483,50063
8,32,16,9098,50063
9,31,14,8988,50063
1,29,13,449,50062
2,58,34,1015,50062
3,39,17,4082,50062
4,39,20,1930,50062
5,12,4,3581,50062
6,1,30,3113,50062
7,44,31,3249,50062
8,1,15,6910,50062
9,45,19,45808,50062
1,50,15,923,50060
2,45,19,1017,50060
3,28,27,1578,50060
4,38,29,1382,50060
5,27,18,1659,50060
6,30,23,1624,50060
7,29,19,1652,50060
8,39,24,6351,50060
9,34,41,7429,50060
1,0,40,1290,50060
2,13,12,1697,50060
3,28,17,2419,50060
4,10,12,1736,50060
5,14,14,2216,50060
6,22,4,2701,50060
7,8,22,2318,50060
8,27,23,11451,50060
9,39,34,20286,50060
1,4,48,1569,50013
2,23,28,1841,50013
3,33,32,5738,50013
4,28,33,2274,50013
5,32,41,2582,50013
6,42,34,4039,50013
7,27,12,4423,50013
8,41,38,12636,50013
9,24,48,23760,50013
1,16,42,1613,50013
2,23,4,1310,50013
3,22,41,2447,50013
4,47,47,3123,50013
5,38,46,3586,50013
6,19,32,3799,50013
7,35,34,3744,50013
8,40,48,14934,50013
9,23,31,16680,50013
1,5,9,965,50047
2,21,21,1737,50047
3,22,19,11060,50047
4,52,24,2896,50047
5,9,9,14982,50047
6,3,1,4419,50047
7,28,27,5284,50047
8,9,58,55477,50047
9,32,34,53796,50047
1,30,37,1086,50047
2,25,57,939,50047
3,31,29,6770,50047
4,45,6,2997,50047
5,55,16,22948,50047
6,21,55,5131,50047
7,55,53,22314,50047
9,47,54,81957,50047
1,37,26,1280,50013
2,57,28,2653,50013
3,22,2,4465,50013
4,2,20,4273,50013
5,11,17,4595,50013
6,51,26,5012,50013
7,10,9,7051,50013
1,19,38,1697,50013
2,11,57,941,50013
3,12,28,2131,50013
4,10,33,1501,50013
5,26,35,1934,50013
6,39,54,3387,50013
7,2,22,2836,50013
8,26,32,6909,50013
9,54,33,3741,50013
1,48,1,1857,50047
2,6,47,2996,50047
3,11,17,6450,50047
4,57,25,2558,50047
5,17,22,9334,50047
6,12,16,5625,50047
7,22,3,26661,50047
8,36,51,75548,50047
9,33,41,75165,50047
1,44,24,1677,50047
2,40,55,1738,50047
3,36,16,7550,50047
4,48,30,3806,50047
5,15,28,6211,50047
6,29,3,5763,50047
7,28,9,8789,50047
8,59,37,56505,50047
9,49,39,19363,50047
1,9,53,1261,50065
2,58,14,1596,50065
3,27,38,5242,50065
4,40,56,2843,50065
5,26,29,4161,50065
6,44,54,5584,50065
7,40,49,5512,50065
8,19,3,33991,50065
9,14,20,26657,50065
1,39,37,1736,50065
2,52,49,1626,50065
3,40,19,4393,50065
4,40,35,3723,50065
5,24,24,4566,50065
6,37,38,4955,50065
7,31,38,5028,50065
8,47,41,5519,50065
9,53,42,5502,50065
1,23,56,1126,50060
2,36,14,1758,50060
3,14,36,2913,50060
4,16,28,3202,50060
5,17,25,4312,50060
6,16,13,3886,50060
7,22,17,3976,50060
8,32,23,7162,50060
1,37,5,1209,50062
2,36,7,1514,50062
3,42,31,8402,50062
4,2,21,3449,50062
5,49,2,9100,50062
6,30,15,5496,50062
7,27,42,11988,50062
8,59,22,20426,50062
9,59,4,24067,50062
1,57,49,2435,50062
2,52,14,3409,50062
3,41,32,8859,50062
4,57,49,2435,50062
5,31,58,7563,50062
6,18,43,9409,50062
7,49,45,4990,50062
8,13,37,40003,50062
9,4,23,42067,50062
1,46,42,1565,50063
2,46,39,1379,50063
3,6,38,3512,50063
4,2,37,3023,50063
5,16,22,3671,50063
6,9,43,3662,50063
7,30,31,4646,50063
8,20,6,6576,50063
9,23,18,5154,50063
1,56,7,840,50060
2,11,18,1520,50060
3,29,16,2196,50060
4,11,19,1646,50060
5,34,16,2252,50060
6,45,23,2002,50060
7,35,23,2422,50060
8,31,18,8224,50060
9,41,30,9404,50060
1,15,23,669,50060
2,46,6,842,50060
3,49,10,1757,50060
4,47,6,1011,50060
5,37,24,2347,50060
6,39,10,1540,50060
7,31,26,2161,50060
8,35,19,6342,50060
9,37,31,9073,50060
1,18,15,739,50062
2,20,48,1026,50062
3,57,16,7581,50062
4,51,48,3782,50062
5,54,10,6412,50062
6,3,1,6397,50062
7,41,13,7408,50062
8,41,2,23518,50062
1,12,39,1110,50048
2,44,52,2040,50048
3,33,19,3401,50048
4,13,15,2915,50048
5,11,4,3744,50048
6,23,16,3862,50048
7,16,13,2728,50048
8,4,59,12612,50048
9,11,51,16861,50048
1,12,48,944,50047
2,47,49,1140,50047
3,10,45,3810,50047
4,41,53,1610,50047
5,8,46,2730,50047
6,7,37,3562,50047
7,5,34,14327,50047
8,12,10,39485,50047
9,32,4,43751,50047
1,35,10,1440,50047
2,53,14,1559,50047
3,16,24,13816,50047
4,56,9,2272,50047
5,10,23,13823,50047
6,18,31,10495,50047
7,7,31,12124,50047
1,12,34,542,50013
2,9,30,718,50013
3,29,35,2509,50013
4,18,44,704,50013
5,17,46,1375,50013
6,9,11,3323,50013
7,46,30,3937,50013
8,2,13,19850,50013
9,14,9,18905,50013
1,14,41,2760,50013
2,50,12,1896,50013
3,9,35,3472,50013
4,48,2,3634,50013
5,18,34,5112,50013
6,13,35,3742,50013
7,8,41,5000,50013
8,9,48,6676,50013
9,15,42,6630,50013
1,12,49,1601,50047
2,0,43,2372,50047
3,37,1,5807,50047
4,48,44,4811,50047
5,48,44,4812,50047
6,37,23,7519,50047
7,31,25,11363,50047
8,38,14,31704,50047
9,37,20,29135,50047
1,22,50,1162,50047
2,35,16,2074,50047
3,38,8,3572,50047
4,42,40,3668,50047
5,48,40,13479,50047
6,39,4,4045,50047
7,10,0,11286,50047
8,6,28,37408,50047
9,39,10,49744,50047
1,1,8,1099,50013
2,38,28,2102,50013
3,34,28,2794,50013
4,36,35,1915,50013
5,19,27,2320,50013
6,18,37,2622,50013
7,11,36,3874,50013
8,22,12,14364,50013
9,22,12,14365,50013
1,42,19,1272,50013
2,42,3,972,50013
3,8,41,3832,50013
4,10,21,3229,50013
5,12,28,4095,50013
6,21,41,7265,50013
7,26,48,2705,50013
8,38,44,16553,50013
9,36,56,15441,50013
1,31,32,1800,50060
2,34,49,1205,50060
3,9,40,2550,50060
4,3,41,2510,50060
5,3,40,2553,50060
6,11,25,3589,50060
7,33,31,5351,50060
8,33,27,19729,50060
9,33,28,7224,50060
1,43,41,985,50062
2,37,44,1062,50062
3,50,37,4291,50062
4,37,45,1157,50062
5,56,11,8091,50062
6,53,51,2325,50062
7,48,27,16748,50062
8,27,1,84089,50062
1,44,6,1101,50062
2,4,18,1516,50062
3,51,58,10505,50062
4,46,3,3263,50062
5,59,16,25299,50062
6,27,8,12002,50062
7,1,24,25508,50062
9,49,18,25235,50062
1,9,28,1042,50063
2,6,22,813,50063
3,35,17,1680,50063
4,3,20,1033,50063
5,19,27,1379,50063
6,17,20,1578,50063
7,22,16,1592,50063
8,33,21,9118,50063
9,31,22,8982,50063
1,21,39,915,50065
2,28,52,1376,50065
3,57,37,4413,50065
4,24,38,1581,50065
5,24,37,1785,50065
6,9,34,2301,50065
7,17,35,2014,50065
8,48,53,11379,50065
9,23,22,12617,50065
1,7,34,1225,50048
2,59,16,1155,50048
3,4,41,3804,50048
4,55,20,1810,50048
5,43,21,3399,50048
6,10,30,2899,50048
7,36,51,5528,50048
8,18,8,48400,50048
9,18,17,50178,50048
1,44,10,1891,50048
2,25,1,1458,50048
3,48,2,5804,50048
4,7,11,2793,50048
5,39,9,5658,50048
6,21,41,4749,50048
7,34,47,7261,50048
8,53,33,21615,50048
9,38,34,21036,50048
1,28,0,992,50062
2,49,7,1390,50062
3,44,17,6035,50062
4,43,51,2393,50062
5,40,6,5845,50062
6,58,6,5486,50062
7,47,14,6521,50062
8,19,28,59260,50062
9,14,34,70623,50062
1,9,37,1893,50060
2,58,34,2608,50060
3,49,24,3875,50060
4,26,34,3124,50060
5,21,38,3313,50060
6,51,26,3840,50060
7,37,23,3910,50060
8,34,25,7638,50060
9,12,16,6669,50060
1,26,39,831,50060
2,41,9,2336,50060
3,39,22,3361,50060
4,35,4,2885,50060
5,54,19,3541,50060
6,36,27,3778,50060
7,43,29,3959,50060
8,35,29,10940,50060
9,30,27,16216,50060
1,14,3,631,50060
2,40,15,1595,50060
3,28,8,3727,50060
4,36,0,2450,50060
5,31,34,4570,50060
6,35,23,4290,50060
7,29,29,6847,50060
8,35,23,13260,50060
9,35,26,9293,50060
1,50,1,1310,50063
2,37,7,1354,50063
3,21,18,2642,50063
4,36,4,1717,50063
5,19,31,2053,50063
6,18,14,2680,50063
7,20,12,2757,50063
8,9,26,16276,50063
9,29,15,15974,50063
1,3,50,1175,50065
2,8,55,2578,50065
3,37,32,3540,50065
4,30,6,2624,50065
5,55,50,5064,50065
6,52,32,3143,50065
7,26,55,4286,50065
8,48,36,7319,50065
9,21,59,6795,50065
1,52,10,926,50013
2,39,2,834,50013
3,50,20,3715,50013
4,22,21,2724,50013
5,22,23,2809,50013
6,40,26,3724,50013
7,54,15,3626,50013
8,11,14,8874,50013
9,18,19,8357,50013
1,45,7,1070,50047
2,41,28,1566,50047
3,29,4,11990,50047
4,40,28,1760,50047
5,8,40,6116,50047
6,38,1,4006,50047
7,21,6,6765,50047
8,43,13,55696,50047
9,30,44,50038,50047
1,59,50,1100,50047
2,59,49,1073,50047
3,33,27,5430,50047
4,41,31,3376,50047
5,51,24,4213,50047
6,34,26,5322,50047
7,41,13,5501,50047
8,43,28,16416,50047
9,37,22,16369,50047
1,37,31,691,50013
2,32,13,797,50013
3,55,7,3383,50013
4,30,36,1180,50013
5,25,47,1840,50013
6,53,23,3145,50013
7,49,24,2936,50013
8,53,17,9549,50013
9,56,36,6886,50013
1,54,54,1748,50013
2,5,35,3044,50013
3,20,48,4389,50013
4,2,34,2916,50013
5,40,56,3884,50013
6,43,43,4591,50013
7,11,48,3654,50013
8,5,11,7478,50013
9,25,9,5827,50013
1,18,51,1520,50047
2,6,16,1666,50047
3,49,4,3245,50047
4,49,25,5920,50047
5,37,46,10326,50047
6,16,58,6245,50047
7,46,26,8465,50047
8,19,58,37321,50047
9,4,4,67024,50047
1,41,15,1299,50048
2,8,18,1921,50048
3,34,36,6191,50048
4,36,3,2615,50048
5,58,26,3408,50048
6,32,48,5698,50048
7,44,42,3487,50048
8,15,41,36455,50048
9,35,50,33960,50048
1,44,19,1339,50065
2,16,48,2761,50065
3,53,12,4646,50065
4,23,40,3297,50065
5,37,28,4714,50065
6,8,57,3775,50065
7,48,11,5632,50065
8,32,46,10565,50065
9,29,45,55213,50065
1,37,52,1456,50060
2,25,23,1789,50060
3,2,24,2838,50060
4,42,52,2325,50060
5,35,19,3536,50060
6,16,3,3053,50060
7,15,10,3570,50060
8,16,16,16298,50060
9,32,23,8346,50060
1,4,1,1843,50060
2,32,48,4059,50060
3,7,31,8300,50060
4,29,57,4389,50060
5,8,43,4441,50060
6,25,57,10770,50060
7,38,25,11364,50060
8,48,23,21836,50060
9,33,20,68547,50060
1,9,43,1567,50065
2,9,27,565,50065
3,18,19,3718,50065
4,43,42,1970,50065
5,38,20,3889,50065
6,44,8,2236,50065
7,7,39,6665,50065
8,57,40,11711,50065
9,16,55,8921,50065
1,59,31,966,50063
2,43,22,860,50063
3,17,28,2064,50063
4,30,7,1495,50063
5,39,4,2167,50063
6,13,19,2327,50063
7,31,18,1847,50063
8,27,16,14587,50063
9,29,21,15326,50063
1,43,39,1274,50065
2,41,22,2170,50065
3,40,46,3112,50065
4,52,30,2665,50065
5,41,25,2837,50065
6,50,36,3130,50065
7,50,20,2895,50065
8,27,26,17610,50065
9,39,57,10892,50065
1,32,53,1459,50063
2,39,53,968,50063
3,19,29,2019,50063
4,33,58,1543,50063
5,12,47,2313,50063
6,27,50,2907,50063
7,15,21,3824,50063
8,15,24,14055,50063
9,33,24,47515,50063
1,20,31,1626,50062
2,37,39,1325,50062
3,49,16,9353,50062
4,59,15,3535,50062
5,48,12,10107,50062
6,40,40,7132,50062
7,22,36,16553,50062
8,21,34,91474,50062
9,41,17,19592,50062
1,44,53,1480,50062
2,24,37,2248,50062
3,35,53,7701,50062
4,17,30,3073,50062
5,55,44,11946,50062
6,51,42,4679,50062
7,55,59,10727,50062
8,22,28,45568,50062
9,9,25,46610,50062
1,38,12,2359,50047
2,28,35,2539,50047
3,41,54,8349,50047
4,58,49,3688,50047
5,7,42,14170,50047
6,5,50,8146,50047
7,16,59,25657,50047
8,44,51,89420,50047
1,10,2,1172,50047
2,19,32,1412,50047
3,9,9,2031,50047
4,39,33,5076,50047
5,36,33,4888,50047
6,1,31,3731,50047
7,4,28,12000,50047
8,46,22,86266,50047
9,29,14,58115,50047
1,27,27,1075,50013
2,37,25,1168,50013
3,42,24,2157,50013
4,30,23,989,50013
5,38,32,1550,50013
6,43,22,2927,50013
7,5,30,2998,50013
1,50,9,1285,50047
2,39,53,1706,50047
3,40,33,15318,50047
4,52,3,6086,50047
5,58,30,15909,50047
6,13,16,5527,50047
7,45,28,29436,50047
8,50,31,19149,50047
9,19,10,97359,50047
1,33,11,1272,50013
2,45,51,1276,50013
3,37,43,4394,50013
4,14,57,2113,50013
5,18,33,5110,50013
6,39,42,4487,50013
7,9,15,4474,50013
8,8,17,18519,50013
9,1,13,18432,50013
1,35,51,1337,50013
2,15,5,2528,50013
3,8,27,3474,50013
4,4,9,2805,50013
5,21,27,3716,50013
6,27,41,3454,50013
7,45,43,6886,50013
8,4,18,27009,50013
9,48,38,14282,50013
1,44,50,1098,50013
2,10,7,998,50013
3,51,7,3248,50013
4,36,40,2360,50013
5,38,49,3575,50013
6,43,20,2881,50013
7,50,12,3181,50013
8,37,47,29554,50013
9,35,43,29555,50013
1,24,43,1267,50062
2,33,51,2075,50062
3,59,3,8685,50062
4,36,30,4155,50062
5,58,56,7697,50062
6,31,8,5907,50062
7,51,49,16742,50062
1,6,49,963,50060
2,24,25,1454,50060
3,6,14,2252,50060
4,34,26,2017,50060
5,34,8,3519,50060
6,8,13,2295,50060
7,48,29,2944,50060
8,34,26,12837,50060
9,35,25,22324,50060
1,23,7,1084,50062
2,52,8,3408,50062
3,40,17,6955,50062
4,59,25,5182,50062
5,20,28,11201,50062
6,55,7,8493,50062
7,47,16,9303,50062
8,28,8,12113,50062
9,29,14,12103,50062
1,45,13,784,50065
2,29,6,1085,50065
3,47,24,3091,50065
4,43,10,1879,50065
5,25,14,5655,50065
6,36,6,2378,50065
7,37,17,6018,50065
8,24,38,57881,50065
9,56,23,31386,50065
1,52,19,1261,50048
2,45,50,1137,50048
3,45,20,2273,50048
4,8,7,1639,50048
5,35,14,2772,50048
6,49,16,3023,50048
7,32,20,2753,50048
8,51,26,11373,50048
9,39,1,7627,50048
1,27,0,412,50048
2,35,2,626,50048
3,15,53,2705,50048
4,43,6,1069,50048
5,23,24,1869,50048
6,24,40,2311,50048
7,10,44,2284,50048
8,40,40,20922,50048
9,43,43,27796,50048
1,47,51,1178,50062
2,49,1,1658,50062
3,30,15,6523,50062
4,35,46,3568,50062
5,45,14,6746,50062
6,48,9,6763,50062
7,15,23,20608,50062
8,7,50,38269,50062
9,57,40,69343,50062
1,24,1,1216,50060
2,18,6,880,50060
3,17,2,1776,50060
4,20,3,1080,50060
5,17,18,1924,50060
6,5,31,2582,50060
7,15,14,2542,50060
8,43,30,3719,50060
9,28,22,4139,50060
1,41,55,1066,50062
2,32,53,2305,50062
3,34,29,12333,50062
4,47,36,3713,50062
5,40,54,15688,50062
6,15,29,8042,50062
7,42,26,34335,50062
1,5,32,2701,50060
2,21,51,969,50060
3,14,17,3731,50060
4,10,26,3361,50060
5,32,27,3739,50060
6,14,35,3514,50060
7,47,14,4301,50060
8,41,25,5112,50060
9,43,25,5112,50060
1,7,55,1125,50048
2,0,42,2196,50048
3,31,28,4741,50048
4,54,6,2690,50048
5,23,5,4507,50048
6,21,12,4661,50048
7,30,8,4316,50048
8,9,40,30652,50048
9,9,40,30653,50048
1,51,56,1618,50062
2,30,52,2930,50062
3,56,51,5698,50062
4,48,25,3615,50062
5,52,27,3776,50062
6,19,8,6233,50062
7,47,13,5686,50062
8,30,20,39686,50062
9,53,0,48154,50062
1,27,36,1773,50060
2,5,12,2352,50060
3,28,10,4357,50060
4,42,33,3893,50060
5,20,38,4636,50060
6,31,4,4428,50060
7,35,31,5474,50060
8,15,21,38269,50060
9,31,28,24057,50060
1,34,59,1438,50060
2,34,4,2142,50060
3,29,0,2265,50060
4,31,1,1864,50060
5,33,26,3618,50060
6,39,4,2455,50060
7,41,4,2522,50060
8,21,28,5158,50060
9,30,19,4148,50060
1,52,41,1103,50062
2,48,38,958,50062
3,49,24,4841,50062
4,56,41,1412,50062
5,53,8,7776,50062
6,37,19,6947,50062
7,41,3,11757,50062
8,6,29,30294,50062
9,6,26,29444,50062
1,34,59,1442,50062
2,6,49,1423,50062
3,36,25,10860,50062
4,43,5,4776,50062
5,53,10,6908,50062
6,59,51,9054,50062
7,40,6,7035,50062
8,13,40,52468,50062
9,44,58,65218,50062
1,25,59,1332,50060
2,30,5,1425,50060
3,27,44,3044,50060
4,35,9,1835,50060
5,27,17,2170,50060
6,28,23,2248,50060
7,31,54,2885,50060
8,34,37,7175,50060
9,35,31,11800,50060
1,53,23,2503,50065
2,37,7,1932,50065
3,22,39,3142,50065
4,23,5,2619,50065
5,39,45,5298,50065
6,22,13,3417,50065
7,11,50,5959,50065
8,29,42,6727,50065
9,25,46,7976,50065
1,56,15,1265,50047
2,58,59,1525,50047
3,57,11,6937,50047
4,9,2,3201,50047
5,41,14,6564,50047
6,56,5,7095,50047
7,35,6,5452,50047
8,48,0,28455,50047
9,48,0,28456,50047
1,9,21,819,50047
2,39,13,1713,50047
3,6,59,4886,50047
4,21,39,2586,50047
5,57,15,11266,50047
6,30,17,9659,50047
7,53,13,10164,50047
8,55,44,39955,50047
9,37,20,28437,50047
1,16,26,1873,50013
2,5,30,1921,50013
3,0,20,3568,50013
4,17,17,2237,50013
5,27,28,3111,50013
6,48,26,4725,50013
7,46,41,6692,50013
8,49,0,20624,50013
9,37,49,15530,50013
1,6,56,1064,50013
2,26,58,2673,50013
3,25,39,4786,50013
4,58,38,3431,50013
5,29,22,4415,50013
6,38,51,5382,50013
7,14,2,5173,50013
8,51,16,12911,50013
9,40,41,11739,50013
1,42,31,1060,50065
2,20,15,1256,50065
3,24,37,5029,50065
4,15,2,2470,50065
5,29,14,3058,50065
6,21,33,3830,50065
7,23,33,4576,50065
8,54,24,14615,50065
9,38,48,24859,50065
1,36,45,1800,50065
2,24,49,1691,50065
3,54,52,6273,50065
4,44,33,3387,50065
5,44,37,3519,50065
6,39,19,3890,50065
7,37,20,4079,50065
8,40,1,12074,50065
9,5,8,9647,50065
1,12,19,1447,50060
2,8,49,1895,50060
3,8,27,2347,50060
4,15,38,2346,50060
5,33,36,3135,50060
6,6,26,2498,50060
7,13,18,3914,50060
8,38,29,4368,50060
9,38,21,15410,50060
1,28,16,2071,50060
2,31,58,2183,50060
3,58,19,6425,50060
4,52,14,5577,50060
5,52,18,6075,50060
6,33,19,6587,50060
7,30,44,6544,50060
8,22,9,18091,50060
9,26,12,18079,50060
1,28,3,1447,50062
2,55,40,2573,50062
3,37,45,4521,50062
4,46,40,2359,50062
5,54,8,6942,50062
6,52,51,8775,50062
7,38,59,5906,50062
1,14,24,1732,50060
2,55,9,928,50060
3,38,24,3560,50060
4,26,18,2576,50060
5,27,9,2964,50060
6,15,27,3278,50060
7,19,15,3208,50060
8,34,22,3668,50060
9,31,26,3666,50060
1,47,24,1097,50062
2,13,4,2973,50062
3,40,5,5906,50062
4,50,0,4023,50062
5,50,8,7219,50062
6,5,41,5257,50062
7,33,8,9501,50062
8,1,28,17410,50062
9,42,5,15612,50062
1,14,31,1200,50060
2,12,39,2492,50060
3,28,26,4582,50060
4,25,26,3334,50060
5,26,23,3550,50060
6,14,27,4011,50060
7,13,27,4159,50060
8,33,28,18811,50060
9,31,21,14267,50060
1,8,5,2213,50062
2,45,9,1327,50062
3,53,15,6705,50062
4,57,34,6029,50062
5,43,6,7083,50062
6,49,31,6662,50062
7,37,40,14681,50062
8,28,38,23398,50062
9,19,44,23358,50062
1,29,30,2298,50013
2,26,25,2774,50013
3,39,30,3975,50013
4,31,19,3064,50013
5,41,21,3427,50013
6,38,32,3907,50013
7,50,28,4194,50013
8,48,22,27207,50013
9,46,38,24034,50013
1,41,29,1034,50013
2,21,2,1120,50013
3,23,58,4877,50013
4,36,2,1840,50013
5,37,48,3202,50013
6,42,39,3207,50013
7,20,24,2943,50013
8,41,25,10990,50013
9,48,37,12610,50013
1,1,11,1231,50047
2,29,58,1926,50047
3,38,24,12777,50047
4,17,19,6207,50047
5,7,12,6209,50047
6,35,47,3042,50047
7,7,24,9205,50047
8,37,38,24238,50047
9,33,39,24194,50047
1,13,14,605,50047
2,36,56,1010,50047
3,8,22,13935,50047
4,41,38,3714,50047
5,51,52,3703,50047
6,1,5,6444,50047
7,5,15,8479,50047
8,48,17,26289,50047
9,53,18,38840,50047
1,29,9,784,50013
2,23,10,1361,50013
3,22,32,3254,50013
4,55,32,1572,50013
5,15,19,2711,50013
6,10,16,2882,50013
7,14,22,2850,50013
8,35,53,16013,50013
9,37,58,15561,50013
1,36,30,633,50013
2,53,46,844,50013
3,7,13,2333,50013
4,54,49,892,50013
5,37,28,1113,50013
6,54,48,1110,50013
7,41,25,1348,50013
8,35,54,7845,50013
9,36,43,10456,50013
1,17,11,1067,50047
2,45,14,1273,50047
3,55,1,12897,50047
4,30,28,1285,50047
5,7,30,18283,50047
6,46,15,7305,50047
7,29,36,22352,50047
1,44,28,949,50047
2,48,19,3397,50047
3,39,21,10884,50047
4,8,24,4683,50047
5,15,47,14893,50047
6,42,15,4644,50047
7,35,14,35774,50047
8,12,9,57425,50047
9,19,41,44343,50047
1,21,27,1025,50062
2,56,39,2363,50062
3,43,21,12925,50062
4,43,41,3896,50062
5,33,45,5037,50062
6,10,46,9251,50062
7,10,47,9511,50062
1,35,27,1008,50062
2,7,53,1303,50062
3,58,58,6830,50062
4,59,57,5163,50062
5,44,48,5072,50062
6,32,52,5796,50062
7,27,55,15363,50062
8,20,34,71260,50062
9,59,56,49726,50062
1,18,56,1148,50065
2,32,34,2412,50065
3,23,29,2475,50065
4,27,35,2215,50065
5,15,29,4912,50065
6,29,32,2377,50065
7,47,28,6699,50065
8,2,45,6281,50065
9,32,45,31001,50065
1,46,43,1742,50060
2,41,56,1050,50060
3,30,25,2764,50060
4,37,48,1452,50060
5,33,25,2254,50060
6,37,53,1805,50060
7,29,24,2603,50060
8,42,31,7367,50060
9,34,33,7362,50060
1,39,48,1308,50060
2,14,15,3226,50060
3,41,29,14814,50060
4,13,21,2666,50060
5,27,15,3291,50060
6,26,24,6561,50060
7,15,15,7153,50060
8,35,24,42685,50060
9,35,33,24165,50060
1,23,18,625,50065
2,1,43,1134,50065
3,13,40,2655,50065
4,26,41,2070,50065
5,29,23,3616,50065
6,21,36,2082,50065
7,29,35,3606,50065
8,49,43,16597,50065
9,15,24,14760,50065
1,35,33,995,50048
2,58,34,1862,50048
3,55,25,2846,50048
4,42,27,2608,50048
5,18,23,3070,50048
6,42,38,1649,50048
7,13,53,4091,50048
8,49,9,72063,50048
9,58,16,29919,50048
1,0,19,1565,50047
2,13,22,1886,50047
3,37,37,8030,50047
4,6,36,4235,50047
5,25,50,7071,50047
6,46,34,7626,50047
7,39,45,8308,50047
8,27,22,47658,50047
9,23,22,47646,50047
1,57,32,1316,50013
2,43,1,709,50013
3,23,29,3439,50013
4,51,1,2420,50013
5,30,20,3056,50013
6,55,27,3684,50013
7,51,20,3512,50013
8,8,34,9754,50013
9,26,41,9364,50013
1,32,18,1396,50013
2,42,29,2218,50013
3,44,19,2667,50013
4,52,12,2411,50013
5,17,48,3709,50013
6,37,28,3074,50013
7,25,11,3837,50013
8,11,37,50120,50013
1,57,44,1224,50047
2,37,28,1152,50047
3,19,8,1990,50047
4,38,31,1179,50047
5,9,33,6675,50047
6,30,47,2460,50047
7,27,1,8039,50047
8,8,29,26651,50047
9,42,15,14254,50047
1,21,49,976,50047
2,10,41,1662,50047
3,17,33,10382,50047
4,33,5,3647,50047
5,13,21,7307,50047
6,7,23,5337,50047
7,19,55,13782,50047
8,40,20,42462,50047
9,39,7,51312,50047
1,8,39,1327,50013
2,10,36,781,50013
3,15,31,2462,50013
4,7,41,1865,50013
5,12,27,2553,50013
6,20,29,2267,50013
7,37,30,2948,50013
8,47,51,35520,50013
9,34,46,24904,50013
1,42,56,1576,50065
2,19,30,1630,50065
3,5,1,3089,50065
4,19,33,2735,50065
5,22,31,4924,50065
6,11,17,3365,50065
7,15,42,8620,50065
8,34,48,39791,50065
9,24,36,18452,50065
1,21,50,2175,50065
2,7,55,1638,50065
3,26,18,6132,50065
4,57,41,3197,50065
5,26,30,6312,50065
6,48,21,6531,50065
7,42,24,7473,50065
8,34,39,34335,50065
9,20,26,29706,50065
1,33,29,1012,50065
2,42,26,1537,50065
3,43,35,4056,50065
4,45,33,2698,50065
5,34,46,2391,50065
6,13,23,4081,50065
7,24,40,4538,50065
8,54,46,17913,50065
9,37,48,16450,50065
1,45,19,989,50060
2,6,30,1815,50060
3,54,17,3869,50060
4,47,14,1942,50060
5,35,24,2936,50060
6,23,54,4657,50060
7,33,42,4398,50060
8,37,33,27543,50060
9,29,9,8840,50060
1,27,44,1495,50060
2,32,44,1922,50060
3,28,44,2043,50060
4,33,41,2399,50060
5,52,32,3925,50060
6,39,33,2944,50060
7,19,30,2272,50060
8,40,29,6790,50060
9,16,20,9016,50060
1,42,11,968,50062
2,48,5,1304,50062
3,36,14,15815,50062
4,43,5,1300,50062
5,28,8,11764,50062
6,51,10,10265,50062
7,41,12,14465,50062
1,22,1,731,50062
2,7,1,2049,50062
3,18,8,3596,50062
4,9,21,2481,50062
5,45,9,13420,50062
6,18,46,5184,50062
7,24,41,13941,50062
8,38,6,39623,50062
9,42,33,37096,50062
1,7,6,2433,50048
2,39,2,3783,50048
3,20,24,7226,50048
4,11,9,4165,50048
5,57,22,5237,50048
6,56,55,4504,50048
7,26,23,7436,50048
8,41,20,26928,50048
9,46,14,22285,50048
1,26,2,1454,50048
2,35,6,1809,50048
3,44,22,1983,50048
4,33,10,2530,50048
5,50,50,4506,50048
6,47,32,3838,50048
7,28,25,4747,50048
8,38,20,14889,50048
9,58,13,7280,50048
1,46,19,742,50048
2,25,39,927,50048
3,0,15,3967,50048
4,43,1,1790,50048
5,28,26,3123,50048
6,32,14,3266,50048
7,29,34,6770,50048
8,21,42,26615,50048
9,32,22,29767,50048
1,2,25,1304,50065
2,3,18,1488,50065
3,23,32,4282,50065
4,14,16,3202,50065
5,7,20,5454,50065
6,11,5,3203,50065
7,22,15,4638,50065
8,13,35,7971,50065
9,23,28,7674,50065
1,18,7,3093,50063
2,6,57,4177,50063
3,33,11,6639,50063
4,54,32,4777,50063
5,22,24,5583,50063
6,28,17,5899,50063
7,32,28,5889,50063
8,24,18,84622,50063
9,18,26,93602,50063
1,10,39,683,50062
2,12,52,835,50062
3,14,17,8826,50062
4,15,57,3255,50062
5,55,23,8473,50062
6,2,13,8277,50062
7,57,2,9177,50062
8,11,5,33543,50062
9,37,0,29721,50062
1,42,22,653,50060
2,26,12,1162,50060
3,17,3,1589,50060
4,15,23,1522,50060
5,24,13,1841,50060
6,22,14,1694,50060
7,35,28,3279,50060
8,18,18,20252,50060
9,43,35,19423,50060
1,9,41,1206,50060
2,36,46,1536,50060
3,29,13,4441,50060
4,8,14,2298,50060
5,4,13,3185,50060
6,22,42,4445,50060
7,4,26,6126,50060
8,18,16,18631,50060
9,27,22,17157,50060
1,18,18,1070,50062
2,37,41,2688,50062
3,49,49,3709,50062
4,44,8,1987,50062
5,56,47,4599,50062
6,50,57,3908,50062
7,26,45,3016,50062
8,38,38,13472,50062
9,58,48,20607,50062
1,0,48,1421,50013
2,6,44,1510,50013
3,44,52,5780,50013
4,45,41,3433,50013
5,0,41,4719,50013
6,30,16,6973,50013
7,17,32,7070,50013
8,32,36,26817,50013
9,24,43,26687,50013
1,22,53,1012,50013
2,25,36,1844,50013
3,27,19,7905,50013
4,3,31,2783,50013
5,8,29,3119,50013
6,17,50,3603,50013
7,18,47,4308,50013
8,33,50,85264,50013
9,29,44,92143,50013
1,23,23,727,50013
2,55,56,1894,50013
3,3,39,5506,50013
4,51,27,3501,50013
5,38,14,4788,50013
6,32,41,5845,50013
7,48,34,9109,50013
8,26,43,26841,50013
9,38,33,26423,50013
1,46,30,1016,50047
2,16,22,957,50047
3,59,32,15417,50047
4,21,20,2896,50047
5,26,17,12351,50047
6,26,0,6476,50047
7,58,40,16992,50047
9,50,54,80708,50047
1,13,5,1258,50013
2,19,6,2257,50013
3,22,34,6388,50013
4,35,16,4567,50013
5,39,10,6246,50013
6,35,13,6443,50013
7,24,28,6497,50013
8,4,22,18703,50013
9,17,19,7284,50013
1,26,17,1165,50047
2,12,32,1044,50047
3,10,51,15466,50047
4,49,21,3501,50047
5,10,1,7954,50047
6,55,26,8969,50047
7,32,37,20590,50047
8,27,30,24797,50047
9,37,44,42677,50047
1,33,48,1398,50047
2,41,17,803,50047
3,10,16,19635,50047
4,42,17,982,50047
5,9,35,24821,50047
6,23,11,1569,50047
7,37,32,36782,50047
8,36,38,51769,50047
1,45,29,1629,50013
2,46,29,1897,50013
3,47,37,2493,50013
4,51,33,2665,50013
5,25,39,3309,50013
6,29,26,3038,50013
7,28,36,4681,50013
8,20,24,10221,50013
9,49,48,31432,50013
1,24,48,1513,50013
2,27,47,2166,50013
3,26,46,4080,50013
4,28,5,2088,50013
5,24,51,2515,50013
6,9,38,3637,50013
7,36,37,4125,50013
8,21,13,11670,50013
9,5,21,14567,50013
1,24,18,1555,50047
2,55,18,971,50047
3,9,39,8001,50047
4,30,57,1785,50047
5,36,10,14782,50047
6,16,53,2981,50047
7,57,13,10394,50047
8,52,11,50620,50047
9,8,20,65629,50047
1,23,24,1139,50013
2,30,21,1532,50013
3,17,35,2010,50013
4,22,25,1678,50013
5,18,30,1982,50013
6,20,26,3233,50013
7,39,30,5068,50013
8,21,43,8485,50013
9,29,45,8402,50013
1,43,41,1254,50047
2,11,43,1195,50047
3,17,47,13614,50047
4,15,2,3958,50047
5,3,38,11961,50047
6,12,36,13961,50047
7,9,14,8721,50047
8,31,25,18790,50047
9,19,32,14455,50047
1,54,46,1657,50047
2,45,51,1130,50047
3,58,14,4957,50047
4,57,10,4174,50047
5,56,20,2214,50047
6,1,11,8712,50047
7,16,56,10124,50047
8,39,38,55527,50047
9,35,39,55504,50047
1,4,3,1567,50047
2,39,25,2331,50047
3,4,30,2686,50047
4,1,27,2675,50047
5,19,22,9613,50047
6,58,55,4096,50047
7,11,8,5009,50047
8,21,14,12383,50047
9,0,17,11616,50047
1,32,48,1272,50065
2,16,55,2214,50065
3,27,12,4947,50065
4,4,3,2880,50065
5,16,13,5363,50065
6,8,1,2769,50065
7,21,23,5878,50065
8,41,46,13073,50065
9,34,51,12346,50065
1,40,4,1288,50065
2,6,59,2566,50065
3,29,21,3906,50065
4,26,17,3209,50065
5,59,29,3897,50065
6,52,55,1747,50065
7,13,21,5672,50065
8,21,45,5555,50065
9,28,48,7492,50065
1,53,30,2055,50062
2,4,30,3205,50062
3,52,18,7128,50062
4,46,24,3540,50062
5,53,13,6727,50062
6,51,33,9201,50062
7,42,27,8305,50062
8,43,19,14668,50062
9,33,43,22638,50062
1,12,59,1644,50060
2,28,31,2072,50060
3,43,14,2629,50060
4,45,16,2437,50060
5,38,31,2744,50060
6,47,12,2647,50060
7,37,30,2745,50060
8,30,28,10621,50060
9,59,1,21308,50060
1,6,20,1237,50062
2,13,9,3170,50062
3,48,15,6269,50062
4,34,13,4726,50062
5,48,2,6575,50062
6,4,57,6331,50062
7,44,1,9349,50062
8,38,20,40053,50062
9,49,21,40006,50062
1,51,56,1345,50060
2,43,2,1136,50060
3,17,20,2815,50060
4,10,29,1705,50060
5,25,24,1740,50060
6,13,28,2054,50060
7,25,7,1892,50060
8,31,17,19107,50060
9,33,20,43277,50060
1,42,2,1176,50048
2,15,17,1614,50048
3,20,34,2846,50048
4,21,15,1815,50048
5,26,7,2722,50048
6,25,28,3090,50048
7,37,20,3694,50048
8,17,38,7831,50048
9,40,38,8947,50048
1,59,17,986,50048
2,16,15,1161,50048
3,43,26,2942,50048
4,24,12,1673,50048
5,8,23,2552,50048
6,39,27,3064,50048
7,44,23,3087,50048
8,40,20,13901,50048
9,20,30,13845,50048
1,22,7,2281,50065
2,22,24,2334,50065
3,19,32,6029,50065
4,51,41,3603,50065
5,19,9,6200,50065
6,48,13,3362,50065
7,21,26,12211,50065
8,17,36,11033,50065
9,47,1,16032,50065
1,10,31,2125,50062
2,21,3,1688,50062
3,41,7,5301,50062
4,52,45,4519,50062
5,43,22,27923,50062
6,36,50,6940,50062
7,57,21,54606,50062
1,58,22,897,50060
2,13,10,1581,50060
3,15,23,2473,50060
4,21,21,1814,50060
5,1,23,2402,50060
6,14,22,2468,50060
7,17,17,2493,50060
8,24,35,7533,50060
9,33,28,7079,50060
1,17,10,1122,50062
2,57,5,1837,50062
3,43,56,8804,50062
4,30,46,4877,50062
5,39,48,12201,50062
6,21,39,8900,50062
7,57,27,14825,50062
8,24,52,13748,50062
9,15,22,16981,50062
1,1,16,446,50060
2,21,37,645,50060
3,27,11,2426,50060
4,1,12,725,50060
5,23,31,1118,50060
6,15,10,1490,50060
7,31,27,3117,50060
8,33,37,11966,50060
9,42,23,8804,50060
1,16,11,1089,50047
2,15,13,1277,50047
3,28,40,2988,50047
4,17,18,2269,50047
5,18,1,4684,50047
6,17,49,3272,50047
7,34,44,7856,50047
8,47,35,58465,50047
9,20,18,24262,50047
1,14,10,1198,50013
2,6,18,847,50013
3,10,21,2193,50013
4,7,13,1229,50013
5,12,21,1538,50013
6,13,19,2960,50013
7,11,24,3227,50013
8,9,21,13137,50013
9,20,59,13991,50013
1,29,25,1689,50013
2,9,25,1390,50013
3,35,56,2161,50013
4,45,38,2364,50013
5,35,41,3119,50013
6,39,59,2027,50013
7,39,41,3075,50013
8,28,37,76139,50013
9,42,19,38154,50013
1,35,36,1032,50047
2,43,45,1425,50047
3,1,8,7055,50047
4,35,17,3391,50047
5,2,24,7490,50047
6,13,9,4451,50047
7,13,11,4319,50047
8,33,6,25796,50047
9,22,6,31000,50047
1,31,20,972,50047
2,28,13,952,50047
3,39,13,3667,50047
4,18,49,2115,50047
5,1,52,4192,50047
6,16,33,6488,50047
7,53,24,15589,50047
8,44,37,59118,50047
1,38,19,742,50013
2,54,36,1713,50013
3,1,1,3736,50013
4,28,20,2016,50013
5,25,27,2332,50013
6,46,32,3690,50013
7,30,5,3449,50013
8,33,58,30720,50013
1,13,14,890,50062
2,19,50,1738,50062
3,7,35,2681,50062
4,56,50,2387,50062
5,11,1,6601,50062
6,17,58,3703,50062
7,18,28,13507,50062
8,26,12,61569,50062
9,7,48,70014,50062
1,48,25,824,50062
2,18,10,1995,50062
3,35,39,7723,50062
4,51,29,3223,50062
5,36,46,16321,50062
6,33,33,5734,50062
7,58,11,17351,50062
8,53,17,27309,50062
9,46,43,27711,50062
1,17,31,1181,50065
2,0,27,1298,50065
3,13,15,2019,50065
4,8,30,1570,50065
5,37,42,2721,50065
6,18,27,2557,50065
7,8,32,4420,50065
8,52,38,17147,50065
9,55,2,14288,50065
1,21,20,1287,50065
2,22,18,2353,50065
3,17,16,3476,50065
4,17,18,2590,50065
5,21,11,3529,50065
6,9,6,2988,50065
7,19,29,3802,50065
8,49,54,15360,50065
9,49,54,15361,50065
1,5,42,879,50060
2,1,44,664,50060
3,12,41,1350,50060
4,0,44,774,50060
5,36,23,1822,50060
6,17,33,1586,50060
7,16,21,1857,50060
8,3,16,4323,50060
9,29,24,2178,50060
1,30,52,1090,50060
2,12,29,1220,50060
3,6,12,2731,50060
4,11,25,1746,50060
5,13,18,2099,50060
6,39,30,2988,50060
7,41,28,2939,50060
8,36,25,4918,50060
9,32,24,5812,50060
1,24,16,1654,50065
2,18,11,2658,50065
3,14,25,5206,50065
4,23,2,3573,50065
5,18,19,5531,50065
6,23,15,4736,50065
7,36,22,5189,50065
8,21,26,9507,50065
9,25,26,9912,50065
1,18,53,1193,50013
2,19,58,1138,50013
3,42,21,6627,50013
4,18,54,2079,50013
5,23,48,2319,50013
6,54,17,4290,50013
7,27,44,5947,50013
8,33,36,10572,50013
9,9,20,17050,50013
1,33,33,1270,50013
2,25,54,1643,50013
3,37,57,5338,50013
4,5,21,2797,50013
5,5,17,3256,50013
6,53,29,3573,50013
7,43,18,4712,50013
8,35,44,72626,50013
9,45,41,47450,50013
1,2,35,979,50047
2,52,51,1163,50047
3,12,41,2438,50047
4,5,48,2539,50047
5,1,45,2402,50047
6,13,39,2634,50047
7,12,40,2312,50047
8,51,30,33682,50047
9,51,30,33683,50047
1,22,57,1202,50047
2,43,45,2084,50047
3,46,49,12382,50047
4,8,59,3432,50047
5,20,17,8466,50047
6,46,53,4662,50047
7,39,13,4705,50047
1,30,23,1250,50013
2,31,0,1088,50013
3,22,20,2258,50013
4,26,24,2476,50013
5,14,18,3015,50013
6,22,19,2298,50013
7,27,42,4920,50013
8,26,30,7305,50013
9,20,28,3851,50013
1,18,59,1493,50013
2,12,55,2542,50013
3,12,48,4307,50013
4,22,9,3072,50013
5,25,5,3593,50013
6,9,13,3583,50013
7,27,34,4860,50013
8,21,31,12113,50013
9,2,27,6496,50013
1,37,37,1787,50047
2,58,39,1987,50047
3,5,16,8823,50047
4,19,2,4166,50047
5,20,58,8539,50047
6,57,2,7387,50047
7,21,5,11627,50047
8,30,20,44097,50047
9,40,42,68741,50047
1,52,42,1109,50047
2,55,55,2721,50047
3,25,0,2384,50047
4,55,44,7870,50047
5,56,36,21106,50047
6,18,22,15330,50047
7,27,41,15571,50047
1,13,52,1611,50063
2,36,9,1236,50063
3,34,55,3233,50063
4,41,31,3470,50063
5,19,16,4543,50063
6,27,51,3525,50063
7,16,13,4569,50063
8,29,20,20611,50063
9,26,22,13759,50063
1,53,28,1385,50060
2,48,35,2443,50060
3,34,28,5103,50060
4,45,24,3722,50060
5,30,27,4110,50060
6,34,49,4552,50060
7,21,25,5110,50060
8,38,31,12051,50060
9,36,22,12602,50060
1,38,13,1513,50060
2,33,25,1660,50060
3,14,20,2648,50060
4,28,33,2077,50060
5,26,29,2178,50060
6,13,20,2663,50060
7,45,31,3957,50060
8,36,26,9233,50060
9,47,29,7505,50060
1,25,19,1440,50062
2,3,28,2493,50062
3,43,28,3299,50062
4,17,34,3674,50062
5,48,26,5253,50062
6,40,29,3361,50062
7,52,23,7435,50062
8,43,36,33056,50062
9,38,4,8474,50062
1,8,55,1031,50048
2,11,57,1690,50048
3,16,55,5128,50048
4,15,54,1982,50048
5,12,57,2736,50048
6,23,33,4211,50048
7,51,42,4984,50048
8,34,24,21779,50048
9,10,36,35715,50048
1,15,30,1292,50047
2,44,52,3339,50047
3,54,53,11423,50047
4,38,4,3703,50047
5,4,18,11110,50047
6,1,23,19001,50047
7,0,32,22706,50047
8,44,32,31941,50047
9,37,48,33197,50047
1,38,9,945,50048
2,37,15,1401,50048
3,36,16,2293,50048
4,45,8,1287,50048
5,31,13,2369,50048
6,22,37,4352,50048
7,35,17,2533,50048
8,25,36,21281,50048
9,42,47,26319,50048
1,29,31,817,50065
2,30,33,1544,50065
3,33,42,2645,50065
4,28,49,1437,50065
5,27,49,2459,50065
6,24,35,1508,50065
7,35,7,3613,50065
8,12,47,12145,50065
9,6,26,19131,50065
1,26,57,2002,50062
2,1,39,1506,50062
3,9,15,9420,50062
4,29,39,4080,50062
5,49,3,14152,50062
6,30,44,5611,50062
7,30,16,19137,50062
8,59,32,31204,50062
9,57,37,27419,50062
1,26,49,1758,50062
2,39,41,1334,50062
3,50,13,9389,50062
4,47,41,2900,50062
5,44,28,6676,50062
6,32,42,8800,50062
7,8,15,12563,50062
8,13,29,87046,50062
1,32,37,2125,50062
2,34,8,3297,50062
3,54,20,22077,50062
4,8,7,8679,50062
5,42,51,23137,50062
6,13,39,3327,50062
7,5,12,8855,50062
8,3,18,44012,50062
9,45,19,44911,50062
1,40,27,701,50060
2,54,34,1327,50060
3,2,24,1892,50060
4,12,14,1025,50060
5,25,22,1838,50060
6,26,26,1906,50060
7,25,21,1910,50060
8,20,46,2270,50060
9,35,21,2141,50060
1,11,33,503,50047
2,58,51,1173,50047
3,6,31,891,50047
4,59,48,1437,50047
5,25,24,4755,50047
6,23,30,4251,50047
7,14,0,39791,50047
1,31,31,1572,50047
2,36,39,1366,50047
3,56,28,7555,50047
4,15,17,4940,50047
5,46,32,7427,50047
6,29,15,6294,50047
7,36,11,7173,50047
8,42,59,47006,50047
9,57,35,45829,50047
1,10,30,1172,50013
2,7,50,941,50013
3,31,35,2681,50013
4,22,7,1624,50013
5,0,44,1928,50013
6,21,54,1611,50013
7,38,28,3235,50013
8,56,34,8770,50013
9,44,44,8645,50013
1,37,9,1127,50013
2,40,8,1086,50013
3,12,10,4272,50013
4,37,35,3247,50013
5,31,22,3731,50013
6,9,5,4558,50013
7,51,24,5679,50013
8,30,36,34582,50013
9,46,45,9333,50013
1,29,10,899,50060
2,25,17,1757,50060
3,24,38,4846,50060
4,7,13,1930,50060
5,25,33,4714,50060
6,23,30,5198,50060
7,24,55,6785,50060
8,29,26,19070,50060
9,39,25,15921,50060
1,30,40,2048,50062
2,31,16,1800,50062
3,52,54,13758,50062
4,15,9,5133,50062
5,37,6,8543,50062
6,50,26,7217,50062
7,39,12,12100,50062
8,11,22,26185,50062
9,17,51,45137,50062
1,48,11,2151,50063
2,2,50,2300,50063
3,2,26,3416,50063
4,18,21,3332,50063
5,28,40,3666,50063
6,26,42,3845,50063
7,10,23,3701,50063
8,26,9,6033,50063
9,30,20,14983,50063
1,14,28,524,50063
2,53,7,1283,50063
3,21,26,2588,50063
4,50,35,2083,50063
5,25,7,2604,50063
6,31,11,3692,50063
7,0,48,4379,50063
8,37,25,19696,50063
9,34,25,19954,50063
1,15,22,1342,50060
2,47,4,1717,50060
3,20,43,2702,50060
4,16,53,2125,50060
5,23,48,2298,50060
6,22,50,2695,50060
7,29,50,2919,50060
8,34,19,70778,50060
9,27,25,42710,50060
1,36,11,729,50062
2,56,2,819,50062
3,51,27,7640,50062
4,4,33,1917,50062
5,43,20,6534,50062
6,9,57,5599,50062
7,40,12,3645,50062
8,58,29,21255,50062
9,58,46,33731,50062
1,46,16,1545,50062
2,23,17,1325,50062
3,35,10,16554,50062
4,36,55,4957,50062
5,52,0,18048,50062
6,3,5,4904,50062
7,37,53,18418,50062
8,5,41,27065,50062
9,29,37,32225,50062
1,18,15,1030,50065
2,45,45,1594,50065
3,23,32,3421,50065
4,48,45,2571,50065
5,12,42,3542,50065
6,26,26,4166,50065
7,27,27,4138,50065
8,36,8,25274,50065
1,4,44,751,50065
2,19,7,850,50065
3,13,16,2973,50065
4,0,50,768,50065
5,23,21,2280,50065
6,25,10,1724,50065
7,37,36,3684,50065
8,42,33,44619,50065
9,54,25,26491,50065
1,9,35,1395,50013
2,11,32,1632,50013
3,29,13,2416,50013
4,10,20,1996,50013
5,5,20,2201,50013
6,19,18,2122,50013
7,2,20,2088,50013
8,39,44,25425,50013
9,35,43,35124,50013
1,5,21,575,50013
2,47,57,972,50013
3,37,55,3496,50013
4,4,25,1336,50013
5,5,28,1458,50013
6,2,47,2803,50013
7,45,43,1480,50013
8,43,54,31160,50013
9,28,31,26439,50013
1,37,36,1261,50047
2,11,49,2223,50047
3,25,20,5025,50047
4,28,42,2617,50047
5,22,19,7630,50047
6,12,35,6252,50047
7,57,1,7565,50047
8,54,34,48523,50047
9,16,8,40391,50047
1,58,49,1417,50013
2,20,40,2059,50013
3,17,56,4438,50013
4,2,4,2023,50013
5,10,24,3039,50013
6,18,21,3281,50013
7,38,19,4172,50013
8,51,45,57896,50013
9,29,50,36574,50013
1,14,59,1454,50047
2,19,45,2913,50047
3,38,18,7844,50047
4,38,48,2764,50047
5,31,7,12530,50047
6,3,37,9590,50047
7,16,0,9320,50047
8,56,20,22165,50047
9,46,22,41004,50047
1,16,43,673,50047
2,24,20,853,50047
3,9,34,9372,50047
4,26,16,517,50047
5,8,0,4870,50047
6,18,27,5954,50047
7,0,49,8578,50047
8,25,23,24720,50047
9,58,36,18797,50047
1,57,21,1889,50048
2,1,35,1930,50048
3,26,27,5011,50048
4,52,30,3433,50048
5,6,41,5062,50048
6,0,32,4778,50048
7,13,39,4837,50048
8,27,24,19905,50048
9,8,30,16701,50048
1,42,32,1161,50063
2,30,47,1139,50063
3,9,31,3206,50063
4,22,38,1915,50063
5,36,51,2198,50063
6,31,21,3099,50063
7,11,17,3235,50063
8,29,9,8543,50063
9,27,13,14677,50063
1,52,31,1926,50065
2,13,41,1462,50065
3,21,28,2591,50065
4,43,9,2147,50065
5,41,24,4136,50065
6,29,48,3558,50065
7,31,31,4866,50065
8,32,17,16030,50065
9,27,14,23300,50065
1,27,4,573,50063
2,42,52,1299,50063
3,38,24,1461,50063
4,34,34,1644,50063
5,26,18,2940,50063
6,4,30,1805,50063
7,28,15,2963,50063
8,21,21,2792,50063
9,23,20,5387,50063
1,42,52,1559,50062
2,34,19,1837,50062
3,58,18,12927,50062
4,5,25,2232,50062
5,45,27,4277,50062
6,45,58,4272,50062
7,39,3,5540,50062
8,54,2,50339,50062
9,36,42,94645,50062
1,39,43,1750,50062
2,51,9,2740,50062
3,39,22,13510,50062
4,15,31,6312,50062
5,26,33,9640,50062
6,27,38,11895,50062
7,59,6,14998,50062
1,48,23,1263,50065
2,16,23,2655,50065
3,44,3,3993,50065
4,18,24,2890,50065
5,26,28,3213,50065
6,8,11,3123,50065
7,28,41,4081,50065
8,36,0,32663,50065
9,33,37,61893,50065
1,40,44,1606,50060
2,3,54,1713,50060
3,15,25,4769,50060
4,12,29,2873,50060
5,21,38,3579,50060
6,10,13,3550,50060
7,14,14,5646,50060
8,43,24,10456,50060
9,38,19,10453,50060
1,44,27,1388,50060
2,46,29,864,50060
3,32,34,2045,50060
4,51,33,1351,50060
5,8,19,2514,50060
6,34,19,2585,50060
7,27,17,2956,50060
8,52,27,16230,50060
9,31,29,23628,50060
1,31,23,605,50047
2,20,32,1473,50047
3,20,32,3415,50047
4,51,8,1092,50047
5,1,40,6826,50047
6,27,31,6465,50047
7,25,18,17266,50047
8,50,44,52275,50047
9,58,43,68065,50047
1,5,43,855,50013
2,42,5,1514,50013
3,3,21,3849,50013
4,36,35,2557,50013
5,42,42,3561,50013
6,29,10,3758,50013
7,53,2,4825,50013
8,22,21,5506,50013
9,14,4,12852,50013
1,39,17,893,50013
2,56,14,1258,50013
3,20,37,5233,50013
4,8,59,2527,50013
5,29,5,4509,50013
6,31,18,4046,50013
7,9,15,2921,50013
8,49,40,46816,50013
9,47,41,37949,50013
1,19,40,1241,50047
2,15,38,1272,50047
3,10,34,15690,50047
4,21,13,2492,50047
5,31,34,12801,50047
6,19,46,6586,50047
7,59,17,20984,50047
8,39,35,78270,50047
9,45,49,94143,50047
1,56,37,1265,50047
2,58,25,1150,50047
3,19,23,6636,50047
4,54,25,798,50047
5,21,21,9610,50047
6,33,4,5313,50047
7,28,41,17972,50047
8,34,29,30024,50047
9,46,51,59765,50047
1,13,59,1786,50013
2,9,2,726,50013
3,28,56,6954,50013
4,56,41,5179,50013
5,59,29,6486,50013
6,43,42,6625,50013
7,48,28,6496,50013
8,39,33,31527,50013
9,36,42,16263,50013
1,30,33,1173,50062
2,59,25,1679,50062
3,59,53,5462,50062
4,57,26,3021,50062
5,55,47,4421,50062
6,53,54,3562,50062
7,55,52,3372,50062
8,44,23,11388,50062
9,40,40,9561,50062
1,21,37,920,50062
2,19,33,1068,50062
3,37,22,5536,50062
4,22,33,2331,50062
5,12,42,6230,50062
6,22,49,4101,50062
7,13,22,6509,50062
8,27,43,23348,50062
9,29,23,28554,50062
1,12,32,767,50060
2,12,30,1180,50060
3,12,24,5147,50060
4,22,39,1462,50060
5,18,38,1662,50060
6,3,27,4680,50060
7,21,53,5015,50060
8,31,27,59909,50060
9,32,16,53450,50060
1,28,51,1018,50060
2,26,48,1311,50060
3,21,15,4742,50060
4,15,19,1655,50060
5,0,34,2245,50060
6,25,38,3458,50060
7,12,32,2799,50060
8,31,22,9540,50060
9,38,27,10942,50060
1,39,25,1775,50065
2,38,27,1967,50065
3,40,45,3877,50065
4,27,36,2122,50065
5,24,27,2546,50065
6,29,35,1901,50065
7,21,16,2745,50065
8,29,37,13963,50065
9,42,40,18975,50065
1,29,24,1611,50065
2,29,24,1612,50065
3,31,53,3486,50065
4,14,32,3061,50065
5,22,9,3561,50065
6,36,29,3484,50065
7,15,7,5230,50065
8,33,32,22002,50065
9,40,31,14344,50065
1,33,17,889,50048
2,24,33,2564,50048
3,29,13,3299,50048
4,24,21,2734,50048
5,5,22,3834,50048
6,24,16,3905,50048
7,19,26,3790,50048
8,48,46,11942,50048
9,30,15,5280,50048
1,28,16,1766,50048
2,37,9,2103,50048
3,47,15,3536,50048
4,13,8,1847,50048
5,42,15,3844,50048
6,28,6,2686,50048
7,31,33,3658,50048
8,29,34,20962,50048
9,25,37,20912,50048
1,37,24,1437,50048
2,43,27,1344,50048
3,41,0,3060,50048
4,44,25,1190,50048
5,17,28,2738,50048
6,12,41,2775,50048
7,31,27,4162,50048
8,22,39,28736,50048
9,9,43,28261,50048
1,42,20,864,50062
2,35,43,834,50062
3,21,24,7806,50062
4,17,48,1752,50062
5,7,6,14199,50062
6,54,35,7484,50062
7,54,23,15305,50062
8,43,6,46473,50062
1,50,40,891,50060
2,43,56,1125,50060
3,4,8,4251,50060
4,23,24,2871,50060
5,34,43,3648,50060
6,45,21,3236,50060
7,14,18,5352,50060
8,40,7,8140,50060
9,33,20,6373,50060
1,0,42,654,50060
2,19,21,1101,50060
3,3,6,2953,50060
4,4,36,2277,50060
5,22,19,3100,50060
6,7,4,2937,50060
7,6,6,2878,50060
8,36,25,55580,50060
9,26,36,48797,50060
1,51,38,808,50062
2,36,42,1190,50062
3,36,42,7180,50062
4,50,40,1053,50062
5,56,23,5174,50062
6,17,10,6979,50062
7,49,39,5331,50062
8,15,15,40980,50062
9,17,5,89411,50062
1,53,22,1216,50065
2,0,33,1492,50065
3,31,30,9352,50065
4,52,47,5500,50065
5,49,26,6496,50065
6,41,58,6882,50065
7,34,21,9110,50065
8,30,46,60413,50065
9,31,32,60965,50065
1,19,31,505,50063
2,13,23,420,50063
3,36,18,2355,50063
4,23,34,575,50063
5,20,35,703,50063
6,34,17,2571,50063
7,15,47,1889,50063
8,34,30,62092,50063
9,25,11,11024,50063
1,11,41,1552,50047
2,1,0,2492,50047
3,17,21,7895,50047
4,20,26,3336,50047
5,1,14,7833,50047
6,7,2,5618,50047
7,32,27,22365,50047
8,39,42,65343,50047
9,34,7,42812,50047
1,44,41,870,50047
2,26,25,1312,50047
3,49,11,7103,50047
4,32,17,5364,50047
5,49,40,17129,50047
6,58,9,10980,50047
7,58,41,11987,50047
1,19,18,1338,50013
2,48,13,1758,50013
3,33,53,4033,50013
4,2,39,2982,50013
5,23,42,4742,50013
6,42,45,3840,50013
7,34,12,6012,50013
8,3,38,16593,50013
9,14,29,17134,50013
1,17,10,1953,50048
2,50,15,3157,50048
3,57,26,4749,50048
4,10,42,3348,50048
5,12,46,3443,50048
6,22,29,4736,50048
7,40,35,5609,50048
8,4,29,11973,50048
9,8,22,13323,50048
1,5,18,1525,50060
2,8,23,1972,50060
3,15,28,4226,50060
4,6,9,2139,50060
5,23,32,3096,50060
6,6,31,1347,50060
7,31,24,5760,50060
8,32,18,15650,50060
9,31,23,45330,50060
1,13,9,2224,50060
2,51,43,1842,50060
3,7,29,4642,50060
4,37,43,3256,50060
5,1,27,5372,50060
6,7,25,4633,50060
7,23,27,6894,50060
8,31,30,15129,50060
9,34,19,27121,50060
1,55,20,1480,50062
2,12,54,1170,50062
3,48,23,14972,50062
4,29,46,4649,50062
5,8,53,14155,50062
6,35,33,13890,50062
7,43,48,16631,50062
1,21,33,563,50065
2,3,18,1935,50065
3,1,24,4172,50065
4,1,15,2603,50065
5,2,28,4780,50065
6,30,34,5822,50065
7,38,42,6308,50065
8,4,40,26670,50065
9,32,28,29629,50065
1,13,52,1475,50065
2,30,50,1841,50065
3,33,55,4708,50065
4,59,44,2708,50065
5,42,21,4931,50065
6,32,50,4847,50065
7,31,48,5533,50065
1,20,9,869,50060
2,1,9,708,50060
3,33,31,3680,50060
4,6,48,2827,50060
5,23,29,4173,50060
6,28,6,3353,50060
7,31,23,4090,50060
8,21,36,10624,50060
9,29,28,10589,50060
1,19,56,828,50062
2,13,58,829,50062
3,54,19,14211,50062
4,26,45,5292,50062
5,49,12,9938,50062
6,36,9,2774,50062
7,50,20,16693,50062
8,9,54,77260,50062
9,36,48,98768,50062
1,46,9,879,50062
2,44,20,1446,50062
3,34,17,3495,50062
4,37,15,2280,50062
5,40,18,3166,50062
6,45,1,3916,50062
7,50,18,5612,50062
8,22,48,48739,50062
9,24,56,17285,50062
1,6,44,1711,50047
2,37,54,1857,50047
3,21,37,9069,50047
4,21,12,5972,50047
5,59,5,15376,50047
6,34,20,5266,50047
7,20,8,35080,50047
1,18,38,1239,50047
2,57,36,3108,50047
3,25,44,13147,50047
4,55,54,5551,50047
5,57,24,3087,50047
6,23,45,6213,50047
7,29,18,12512,50047
8,58,35,44610,50047
9,58,14,32033,50047
1,51,44,970,50013
2,46,40,943,50013
3,17,50,4597,50013
4,45,52,2822,50013
5,14,18,3893,50013
6,6,1,4596,50013
7,26,27,4925,50013
8,39,45,9208,50013
9,41,37,21672,50013
1,59,17,1686,50047
2,33,19,2791,50047
3,37,15,16095,50047
4,49,16,6754,50047
5,11,34,12072,50047
6,0,0,11345,50047
7,44,27,15426,50047
8,7,41,29908,50047
9,17,52,67606,50047
1,24,56,1193,50047
2,33,36,1351,50047
3,16,29,9881,50047
4,21,58,2170,50047
5,39,53,3804,50047
6,27,1,12411,50047
7,39,7,19618,50047
8,41,54,24148,50047
9,48,37,24356,50047
1,17,44,707,50013
2,37,31,867,50013
3,42,27,3181,50013
4,14,39,1227,50013
5,9,45,1432,50013
6,11,28,3230,50013
7,13,23,3072,50013
8,49,37,12651,50013
9,24,39,11879,50013
1,56,33,1414,50013
2,45,23,1501,50013
3,17,11,3765,50013
4,58,22,1771,50013
5,47,27,2016,50013
6,59,23,2909,50013
7,13,47,3797,50013
8,34,41,9629,50013
9,29,44,6263,50013
1,38,43,1932,50060
2,12,56,3467,50060
3,39,22,4239,50060
4,8,56,3381,50060
5,23,42,3957,50060
6,27,30,3828,50060
7,37,29,4270,50060
8,41,25,14328,50060
9,37,28,30055,50060
1,56,58,1507,50062
2,44,8,2456,50062
3,55,57,4686,50062
4,41,12,3928,50062
5,41,3,4769,50062
6,44,20,11822,50062
7,42,40,17005,50062
1,3,30,984,50060
2,48,59,1623,50060
3,0,22,4477,50060
4,2,47,1996,50060
5,24,33,2204,50060
6,23,45,3147,50060
7,19,40,2785,50060
8,17,24,10695,50060
9,29,33,13748,50060
1,18,14,645,50060
2,19,21,796,50060
3,14,3,1243,50060
4,20,38,1178,50060
5,15,27,1388,50060
6,24,3,1558,50060
7,29,45,2085,50060
8,11,23,18443,50060
9,36,25,36078,50060
1,56,17,1329,50063
2,52,15,854,50063
3,5,18,2474,50063
4,9,35,2348,50063
5,6,21,2425,50063
6,9,23,3620,50063
7,14,23,4418,50063
8,23,28,4942,50063
9,32,19,7993,50063
1,53,43,1375,50065
2,8,37,1419,50065
3,15,11,2838,50065
4,6,39,1657,50065
5,38,25,3198,50065
6,15,37,2182,50065
7,52,26,3013,50065
8,44,21,15445,50065
9,31,43,11841,50065
1,15,7,406,50048
2,42,28,939,50048
3,20,37,2016,50048
4,34,35,1323,50048
5,46,2,1865,50048
6,27,52,3055,50048
7,8,38,1884,50048
8,11,5,11320,50048
9,18,40,4203,50048
1,41,4,738,50048
2,39,18,1691,50048
3,22,10,5782,50048
4,20,2,2615,50048
5,23,36,5327,50048
6,27,7,6565,50048
7,9,23,12278,50048
8,36,18,19564,50048
9,35,44,23244,50048
1,20,23,1306,50048
2,28,1,1499,50048
3,29,22,5254,50048
4,56,35,1698,50048
5,17,28,4910,50048
6,25,0,4156,50048
7,3,22,5603,50048
8,39,12,21190,50048
9,36,9,20863,50048
1,53,26,1133,50062
2,38,47,1051,50062
3,50,22,4523,50062
4,48,54,1380,50062
5,53,16,2851,50062
6,49,30,3117,50062
7,53,39,4979,50062
8,27,39,29175,50062
9,31,44,24032,50062
1,24,49,979,50060
2,55,29,2269,50060
3,29,23,3276,50060
4,26,8,2546,50060
5,27,36,3504,50060
6,15,10,3227,50060
7,22,34,3279,50060
8,38,21,6193,50060
9,35,23,6190,50060
1,18,21,771,50062
2,36,59,1678,50062
3,25,4,8148,50062
4,24,50,1939,50062
5,44,2,9645,50062
6,40,30,5909,50062
7,51,52,26834,50062
9,44,8,65339,50062
1,15,51,871,50063
2,7,18,1882,50063
3,16,25,3437,50063
4,35,21,2692,50063
5,38,14,2826,50063
6,12,26,3489,50063
7,47,27,3539,50063
8,18,20,9847,50063
9,30,12,6521,50063
1,4,48,690,50065
2,2,31,483,50065
3,35,31,1639,50065
4,10,30,782,50065
5,20,34,3217,50065
6,23,39,1275,50065
7,17,41,2862,50065
8,39,34,21307,50065
9,16,5,55373,50065
1,57,29,938,50065
2,34,20,714,50065
3,31,2,2950,50065
4,36,16,1630,50065
5,30,45,3124,50065
6,1,2,2860,50065
7,37,24,3742,50065
8,23,27,5639,50065
9,36,23,8236,50065
1,38,17,697,50062
2,31,13,796,50062
3,5,36,1498,50062
4,15,51,1339,50062
5,45,10,5503,50062
6,59,47,4033,50062
7,59,8,9942,50062
1,51,49,1971,50060
2,28,22,959,50060
3,4,16,3819,50060
4,9,46,4184,50060
5,21,14,5038,50060
6,27,25,4632,50060
7,22,20,4954,50060
8,41,27,14947,50060
9,15,27,22422,50060
1,37,49,1434,50060
2,9,37,2459,50060
3,20,20,4630,50060
4,56,14,3239,50060
5,53,8,3393,50060
6,41,32,3674,50060
7,37,30,4625,50060
8,41,24,19669,50060
9,30,21,65312,50060
1,18,48,2107,50048
2,9,22,2794,50048
3,35,26,5674,50048
4,49,55,3026,50048
5,24,30,5738,50048
6,12,22,6731,50048
7,29,31,7601,50048
8,0,39,21671,50048
9,7,54,21528,50048
1,49,38,955,50048
2,52,46,1362,50048
3,52,46,1721,50048
4,35,35,1886,50048
5,42,51,1719,50048
6,49,54,1587,50048
7,38,31,1973,50048
8,36,46,43991,50048
9,19,14,51366,50048
1,45,28,834,50062
2,11,47,1468,50062
3,58,27,5617,50062
4,16,5,3011,50062
5,38,47,5714,50062
6,38,25,5346,50062
7,42,17,6240,50062
1,31,7,1146,50062
2,10,0,1212,50062
3,33,7,4279,50062
4,55,33,5763,50062
5,43,53,9938,50062
6,28,12,3468,50062
7,58,9,26602,50062
8,39,40,53770,50062
9,35,15,70915,50062
1,15,54,2097,50062
2,6,55,2285,50062
3,17,49,5019,50062
4,27,48,2982,50062
5,50,19,14679,50062
6,17,34,5515,50062
7,56,6,14657,50062
8,7,40,37114,50062
9,21,15,63861,50062
1,14,42,1042,50065
2,34,39,1626,50065
3,27,21,3933,50065
4,42,44,2497,50065
5,41,59,3234,50065
6,37,58,3479,50065
7,27,28,3968,50065
8,38,43,14582,50065
9,27,34,59022,50065
1,17,13,713,50047
2,6,3,1848,50047
3,27,12,11202,50047
4,14,2,3442,50047
5,4,29,6501,50047
6,1,26,1451,50047
7,10,36,5866,50047
8,41,40,92648,50047
9,8,37,96855,50047
1,31,11,642,50047
2,45,10,802,50047
3,0,8,12656,50047
4,22,36,2257,50047
5,46,25,4663,50047
6,31,28,5442,50047
7,42,14,6564,50047
8,6,15,26484,50047
9,13,6,16722,50047
1,20,37,859,50013
2,27,33,962,50013
3,25,36,2257,50013
4,21,27,1601,50013
5,27,42,2133,50013
6,26,40,2235,50013
7,27,41,2227,50013
8,28,40,10796,50013
9,28,54,10716,50013
1,44,41,1314,50013
2,46,26,2830,50013
3,39,22,4768,50013
4,44,36,2403,50013
5,23,40,4389,50013
6,24,20,5460,50013
7,1,12,5783,50013
8,36,24,8007,50013
9,32,49,14179,50013
1,17,43,1171,50047
2,21,44,987,50047
3,50,8,6848,50047
4,18,48,1343,50047
5,11,23,4636,50047
6,37,22,9387,50047
7,39,31,13313,50047
8,46,26,17809,50047
9,46,56,27111,50047
1,7,4,1830,50047
2,27,40,1848,50047
3,5,11,7960,50047
4,35,42,4630,50047
5,59,28,6920,50047
6,22,44,4727,50047
7,6,35,8385,50047
8,9,48,30899,50047
1,7,7,968,50013
2,10,8,1070,50013
3,32,27,1933,50013
4,34,36,2277,50013
5,41,29,2845,50013
6,30,30,2239,50013
7,18,35,2966,50013
8,19,15,4334,50013
9,47,32,9683,50013
1,18,23,1112,50013
2,11,23,720,50013
3,26,30,2182,50013
4,7,27,1105,50013
5,2,28,1620,50013
6,17,19,1980,50013
7,38,25,3079,50013
8,19,37,6233,50013
9,18,47,5797,50013
1,16,24,1365,50063
2,54,30,1612,50063
3,24,17,4484,50063
4,53,52,2283,50063
5,9,14,3890,50063
6,22,19,4435,50063
7,12,18,4639,50063
8,19,21,10564,50063
9,17,24,14932,50063
1,43,43,1189,50063
2,52,44,2184,50063
3,31,28,3791,50063
4,55,46,2629,50063
5,12,18,4149,50063
6,30,27,3888,50063
7,14,22,4111,50063
8,21,13,8078,50063
9,18,22,17025,50063
1,2,7,1043,50062
2,11,14,2364,50062
3,26,50,5941,50062
4,59,45,6566,50062
5,49,22,11087,50062
6,36,29,10108,50062
7,47,12,16005,50062
8,22,42,33369,50062
9,41,48,40723,50062
1,15,17,598,50060
2,3,34,1458,50060
3,17,15,2349,50060
4,15,17,598,50060
5,14,24,1926,50060
6,41,39,3650,50060
7,23,25,4384,50060
8,40,29,18489,50060
9,42,23,24166,50060
1,32,47,1199,50060
2,4,18,2103,50060
3,20,21,6824,50060
4,20,19,3329,50060
5,12,28,4613,50060
6,34,38,6248,50060
7,37,32,4070,50060
8,38,31,34735,50060
9,32,16,20969,50060
1,8,58,2204,50065
2,35,59,2091,50065
3,31,16,6989,50065
4,17,1,3347,50065
5,16,18,4447,50065
6,24,7,6398,50065
7,35,48,6294,50065
8,48,9,15862,50065
9,19,25,21122,50065
1,2,51,2550,50062
2,53,46,2533,50062
3,54,46,8990,50062
4,26,21,2590,50062
5,55,39,11897,50062
6,35,14,8252,50062
7,53,50,27920,50062
8,0,19,32842,50062
9,3,0,34921,50062
1,37,29,1025,50062
2,33,43,1141,50062
3,30,4,2280,50062
4,18,48,1686,50062
5,41,10,3222,50062
6,10,9,13569,50062
7,18,17,25125,50062
8,32,28,82247,50062
1,33,41,1323,50060
2,27,35,1452,50060
3,20,14,3323,50060
4,50,49,3152,50060
5,15,24,4104,50060
6,24,18,3125,50060
7,21,31,3332,50060
8,49,21,7098,50060
9,36,27,5478,50060
1,42,40,791,50047
2,33,34,803,50047
3,25,22,10553,50047
4,10,21,3334,50047
5,4,8,5074,50047
6,50,9,1675,50047
7,6,9,9381,50047
8,39,34,41941,50047
1,42,25,698,50047
2,31,4,1793,50047
3,34,33,5860,50047
4,51,26,2875,50047
5,27,12,8976,50047
6,17,56,5618,50047
7,58,44,9874,50047
8,49,10,36302,50047
9,59,1,36288,50047
1,40,14,885,50013
2,52,5,1582,50013
3,17,31,3865,50013
4,12,15,2249,50013
5,18,14,2571,50013
6,3,13,4343,50013
7,17,24,4138,50013
8,51,31,6703,50013
9,46,42,12665,50013
1,45,33,1802,50013
2,36,18,2558,50013
3,52,16,5532,50013
4,20,56,2678,50013
5,39,26,3923,50013
6,21,22,3775,50013
7,38,16,3255,50013
8,45,44,32553,50013
9,50,23,27501,50013
1,23,1,829,50060
2,24,37,1797,50060
3,36,33,2359,50060
4,34,27,2209,50060
5,30,23,2707,50060
6,16,25,4133,50060
7,31,27,5043,50060
8,20,24,74360,50060
9,39,34,81959,50060
1,15,48,1069,50062
2,20,54,822,50062
3,57,13,5674,50062
4,25,43,1671,50062
5,52,48,7294,50062
6,31,36,4242,50062
7,54,6,13781,50062
8,45,19,15763,50062
9,51,54,16707,50062
1,34,59,1223,50060
2,17,10,1440,50060
3,28,36,3167,50060
4,16,29,1920,50060
5,20,30,2407,50060
6,17,31,2569,50060
7,16,24,2822,50060
8,39,20,4974,50060
9,42,39,4315,50060
1,22,2,2460,50062
2,50,59,2497,50062
3,34,6,8221,50062
4,18,9,4985,50062
5,51,12,7982,50062
6,1,51,11471,50062
7,54,16,11381,50062
1,11,36,1418,50065
2,0,23,1632,50065
3,0,50,3796,50065
4,0,24,1546,50065
5,38,14,4051,50065
6,33,23,4046,50065
7,51,32,5307,50065
9,46,46,54304,50065
1,34,0,1855,50048
2,36,2,2541,50048
3,51,38,5345,50048
4,35,17,3164,50048
5,41,33,3743,50048
6,42,30,5267,50048
7,53,44,5551,50048
1,41,16,1578,50048
2,46,18,2091,50048
3,9,22,4894,50048
4,58,11,4074,50048
5,50,9,5926,50048
6,39,29,6337,50048
7,18,51,8287,50048
8,31,43,14874,50048
9,35,18,24740,50048
1,36,18,963,50060
2,31,17,649,50060
3,34,22,1155,50060
4,37,27,1053,50060
5,23,19,1788,50060
6,28,18,997,50060
7,21,30,1478,50060
8,2,37,5832,50060
9,19,26,3975,50060
1,39,37,995,50062
2,56,34,1621,50062
3,39,22,3715,50062
4,21,4,1777,50062
5,37,18,3948,50062
6,41,7,4196,50062
7,46,42,5089,50062
8,45,16,57185,50062
9,37,49,56301,50062
1,12,17,1513,50060
2,14,18,1409,50060
3,27,25,1868,50060
4,18,19,1593,50060
5,14,23,1720,50060
6,13,15,1897,50060
7,26,4,5566,50060
8,15,12,15498,50060
9,36,22,17589,50060
1,9,32,531,50062
2,14,57,839,50062
3,27,52,2866,50062
4,13,24,1021,50062
5,6,0,4707,50062
6,49,2,5812,50062
7,52,1,6291,50062
8,18,11,54822,50062
1,54,39,1468,50047
2,52,42,1077,50047
3,52,16,11028,50047
4,59,30,2206,50047
5,16,18,13145,50047
6,28,23,7744,50047
7,29,14,5958,50047
8,54,43,60650,50047
9,44,34,49020,50047
1,26,19,1074,50013
2,23,8,2195,50013
3,17,23,2611,50013
4,12,13,1930,50013
5,31,17,2466,50013
6,22,25,3047,50013
7,17,28,4439,50013
8,5,29,13181,50013
9,42,48,12397,50013
1,30,42,1114,50013
2,40,50,2501,50013
3,41,16,3623,50013
4,28,41,1708,50013
5,45,29,3245,50013
6,48,32,4107,50013
7,48,13,4500,50013
8,11,33,44373,50013
9,57,40,44297,50013
1,53,41,938,50047
2,10,37,2118,50047
3,22,14,4788,50047
4,55,58,2130,50047
5,32,13,3031,50047
6,24,9,5170,50047
7,20,14,4869,50047
8,17,51,27242,50047
9,5,29,15395,50047
1,55,14,1538,50047
2,26,58,1672,50047
3,39,25,6672,50047
4,8,10,3973,50047
5,20,54,9787,50047
6,34,10,5107,50047
7,31,32,7449,50047
8,16,57,12288,50047
9,56,39,28230,50047
1,59,19,1785,50047
2,11,39,4089,50047
3,58,45,9911,50047
4,3,42,4661,50047
5,3,25,28638,50047
6,23,4,7665,50047
7,1,43,9440,50047
8,38,38,96802,50047
1,55,2,1375,50063
2,40,39,1012,50063
3,22,15,3265,50063
4,25,46,2097,50063
5,25,22,2608,50063
6,25,22,2609,50063
7,14,21,2463,50063
8,39,24,8335,50063
9,19,22,6640,50063
1,59,9,1610,50062
2,22,24,4016,50062
3,53,10,14569,50062
4,18,13,3308,50062
5,59,41,15792,50062
6,3,24,12155,50062
7,56,1,15998,50062
8,10,6,25187,50062
9,43,6,22376,50062
1,43,23,977,50062
2,33,46,1238,50062
3,26,58,5818,50062
4,59,51,2467,50062
5,42,19,5272,50062
6,31,50,3890,50062
7,36,22,4482,50062
8,40,9,8389,50062
9,22,41,26798,50062
1,51,40,1017,50065
2,27,19,1314,50065
3,40,32,2471,50065
4,5,59,2550,50065
5,46,50,4281,50065
6,41,36,2045,50065
7,34,49,2696,50065
8,29,33,10591,50065
9,35,27,4383,50065
1,1,52,901,50060
2,8,50,860,50060
3,39,29,2380,50060
4,10,38,1769,50060
5,6,52,2096,50060
6,40,19,1878,50060
7,0,40,2160,50060
8,34,30,4489,50060
9,16,28,8497,50060
1,35,33,1362,50060
2,20,27,2626,50060
3,23,53,4941,50060
4,34,44,2622,50060
5,22,22,3535,50060
6,59,48,5066,50060
7,35,34,6330,50060
8,32,23,13356,50060
9,32,22,12385,50060
1,30,47,1879,50048
2,59,45,1561,50048
3,47,6,5186,50048
4,35,36,3130,50048
5,13,32,5046,50048
6,55,3,5978,50048
7,36,19,5169,50048
8,33,49,8893,50048
9,28,27,31284,50048
1,3,22,1061,50013
2,25,39,1343,50013
3,40,51,4294,50013
4,3,7,2996,50013
5,56,15,3912,50013
6,24,7,5336,50013
7,28,4,5950,50013
8,37,39,14490,50013
9,26,47,16702,50013
1,40,8,1173,50013
2,41,58,2746,50013
3,24,58,4582,50013
4,39,13,3478,50013
5,58,2,4538,50013
6,50,8,4654,50013
7,45,41,6040,50013
8,31,39,46157,50013
9,30,39,46324,50013
1,8,11,769,50047
2,45,34,1289,50047
3,29,12,6851,50047
4,21,24,2036,50047
5,31,16,7425,50047
6,25,17,5298,50047
7,7,3,7930,50047
8,40,41,15640,50047
9,42,20,20914,50047
1,32,22,2183,50013
2,29,58,1609,50013
3,32,22,6954,50013
4,27,5,3615,50013
5,18,6,4613,50013
6,32,44,5864,50013
7,19,25,5457,50013
8,30,45,20137,50013
9,24,26,77515,50013
1,55,3,945,50047
2,25,0,1364,50047
3,25,18,6170,50047
4,42,55,2332,50047
5,3,14,6279,50047
6,23,12,5249,50047
7,7,54,7796,50047
8,48,38,25596,50047
9,43,52,13739,50047
1,41,17,1021,50047
2,16,6,2584,50047
3,25,28,3871,50047
4,15,46,1617,50047
5,23,6,5886,50047
6,20,6,5324,50047
7,28,7,5374,50047
8,28,30,99172,50047
