x, y,count,not,nand,and,orn,or,andn,nor,xor
0,0,2,2,0,13,13,7,16,14,0
1,0,2,2,0,13,12,6,15,13,0
2,0,2,2,0,13,11,6,15,13,0
3,0,3,0,0,13,11,5,14,13,0
4,0,2,1,0,13,10,4,14,13,0
5,0,2,2,0,13,9,4,13,12,0
6,0,2,2,0,13,8,3,13,12,0
7,0,2,2,0,12,7,2,13,12,0
8,0,3,0,0,12,6,2,12,12,0
9,0,4,0,0,12,5,0,12,12,0
10,0,3,0,0,12,4,0,12,12,1
11,0,3,0,0,12,4,0,12,12,2
12,0,4,0,0,12,3,0,12,12,0
13,0,4,0,0,12,2,0,11,11,0
14,0,5,0,0,12,0,0,11,11,0
15,0,5,0,0,12,0,0,11,11,0
16,0,5,0,0,12,0,0,11,11,0
17,0,5,0,0,12,0,0,11,11,0
18,0,5,0,0,12,0,0,11,11,0
19,0,5,0,0,12,0,0,10,11,0
20,0,5,0,0,12,0,0,9,11,0
21,0,5,0,0,12,0,0,8,11,0
22,0,5,0,0,12,0,0,7,11,0
23,0,5,0,0,12,0,0,6,11,0
24,0,5,0,0,12,0,0,5,11,0
25,0,5,0,0,12,0,0,4,11,0
26,0,5,0,0,12,0,0,3,11,0
27,0,5,0,0,12,0,0,2,11,0
28,0,5,0,0,12,0,0,2,11,0
29,0,6,0,0,12,0,0,0,11,0
30,0,6,0,0,12,0,0,0,11,0
31,0,6,0,0,13,0,0,0,11,0
32,0,6,0,0,13,0,0,0,11,0
33,0,6,0,0,13,0,0,0,11,0
34,0,6,0,0,13,0,0,0,11,0
35,0,6,0,0,13,0,0,0,12,0
36,0,6,0,0,13,0,0,0,12,0
37,0,6,0,0,13,0,0,0,12,0
38,0,6,0,0,13,0,0,0,12,0
39,0,6,0,0,14,0,0,0,12,0
40,0,5,0,1,14,0,0,0,13,0
41,0,4,0,2,14,0,0,0,13,1
42,0,4,0,2,14,0,0,0,14,2
43,0,4,0,3,15,0,0,0,14,2
44,0,4,0,3,15,0,0,0,15,3
45,0,4,0,4,15,0,0,0,15,3
46,0,4,0,5,15,0,0,0,15,4
47,0,4,0,5,16,0,0,0,15,4
48,0,4,0,6,16,0,0,0,15,5
49,0,4,0,6,17,0,0,0,15,5
50,0,4,0,7,17,0,0,0,15,6
51,0,4,0,8,17,0,0,0,15,6
52,0,4,0,8,18,0,0,0,15,7
53,0,4,0,9,18,0,0,0,15,7
54,0,4,0,10,18,0,0,0,15,8
55,0,4,0,10,19,0,0,0,15,9
56,0,4,0,11,19,0,0,0,15,9
57,0,4,0,12,20,0,0,0,15,10
58,0,4,0,12,20,0,0,0,15,11
59,0,4,0,13,21,0,0,0,15,11
0,1,3,0,0,12,13,7,15,13,0
1,1,3,0,0,12,12,6,15,13,0
2,1,3,0,0,12,11,5,14,12,0
3,1,3,0,0,12,10,5,14,12,0
4,1,3,0,0,12,10,4,13,12,0
5,1,3,0,0,12,9,3,13,12,0
6,1,3,0,0,12,8,3,12,11,0
7,1,3,0,0,12,7,2,12,11,0
8,1,4,0,0,11,6,0,12,11,0
9,1,4,0,0,11,5,0,11,11,0
10,1,3,0,0,11,4,0,11,11,1
11,1,4,0,0,11,3,0,11,11,0
12,1,4,0,0,11,3,0,11,11,0
13,1,4,0,0,11,2,0,11,11,0
14,1,5,0,0,11,0,0,10,10,0
15,1,5,0,0,11,0,0,10,10,0
16,1,5,0,0,11,0,0,10,10,0
17,1,5,0,0,11,0,0,10,10,0
18,1,5,0,0,11,0,0,10,10,0
19,1,5,0,0,11,0,0,10,10,0
20,1,5,0,0,11,0,0,9,10,0
21,1,5,0,0,11,0,0,8,10,0
22,1,5,0,0,11,0,0,7,10,0
23,1,5,0,0,11,0,0,6,10,0
24,1,5,0,0,11,0,0,5,10,0
25,1,5,0,0,11,0,0,4,10,0
26,1,5,0,0,11,0,0,3,10,0
27,1,5,0,0,11,0,0,2,10,0
28,1,6,0,0,11,0,0,0,10,0
29,1,6,0,0,11,0,0,0,10,0
30,1,6,0,0,12,0,0,0,10,0
31,1,6,0,0,12,0,0,0,10,0
32,1,6,0,0,12,0,0,0,10,0
33,1,6,0,0,12,0,0,0,10,0
34,1,6,0,0,12,0,0,0,11,0
35,1,6,0,0,12,0,0,0,11,0
36,1,6,0,0,12,0,0,0,11,0
37,1,6,0,0,12,0,0,0,11,0
38,1,6,0,0,13,0,0,0,11,0
39,1,6,0,0,13,0,0,0,12,0
40,1,6,0,0,13,0,0,0,12,0
41,1,5,0,1,13,0,0,0,13,0
42,1,4,0,2,14,0,0,0,13,1
43,1,4,0,2,14,0,0,0,14,2
44,1,4,0,3,14,0,0,0,14,2
45,1,4,0,4,14,0,0,0,14,3
46,1,4,0,4,15,0,0,0,14,3
47,1,4,0,5,15,0,0,0,14,4
48,1,4,0,5,16,0,0,0,14,4
49,1,4,0,6,16,0,0,0,14,5
50,1,4,0,7,16,0,0,0,14,5
51,1,4,0,7,17,0,0,0,14,6
52,1,4,0,8,17,0,0,0,14,6
53,1,4,0,9,17,0,0,0,14,7
54,1,4,0,9,18,0,0,0,14,8
55,1,4,0,10,18,0,0,0,14,8
56,1,4,0,11,19,0,0,0,14,9
57,1,4,0,11,19,0,0,0,14,10
58,1,4,0,12,20,0,0,0,14,10
59,1,4,0,13,20,0,0,0,14,11
0,2,3,0,0,12,13,7,15,13,0
1,2,3,0,0,11,12,6,14,12,0
2,2,3,0,0,11,11,5,14,12,0
3,2,3,0,0,11,10,4,13,11,0
4,2,3,0,0,11,9,4,13,11,0
5,2,3,0,0,11,9,3,12,11,0
6,2,3,0,0,11,8,2,12,11,0
7,2,3,0,0,11,7,2,11,10,0
8,2,4,0,0,11,6,0,11,10,0
9,2,4,0,0,10,5,0,11,10,0
10,2,4,0,0,10,4,0,10,10,0
11,2,4,0,0,10,3,0,10,10,0
12,2,4,0,0,10,2,0,10,10,0
13,2,4,0,0,10,2,0,10,10,0
14,2,5,0,0,10,0,0,10,10,0
15,2,5,0,0,10,0,0,9,9,0
16,2,5,0,0,10,0,0,9,9,0
17,2,5,0,0,10,0,0,9,9,0
18,2,5,0,0,10,0,0,9,9,0
19,2,5,0,0,10,0,0,9,9,0
20,2,5,0,0,10,0,0,9,9,0
21,2,5,0,0,10,0,0,8,9,0
22,2,5,0,0,10,0,0,7,9,0
23,2,5,0,0,10,0,0,6,9,0
24,2,5,0,0,10,0,0,5,9,0
25,2,5,0,0,10,0,0,4,9,0
26,2,5,0,0,10,0,0,3,9,0
27,2,5,0,0,10,0,0,2,9,0
28,2,5,0,0,10,0,0,1,9,0
29,2,6,0,0,11,0,0,0,9,0
30,2,6,0,0,11,0,0,0,9,0
31,2,6,0,0,11,0,0,0,9,0
32,2,6,0,0,11,0,0,0,9,0
33,2,6,0,0,11,0,0,0,10,0
34,2,6,0,0,11,0,0,0,10,0
35,2,6,0,0,11,0,0,0,10,0
36,2,6,0,0,11,0,0,0,10,0
37,2,6,0,0,12,0,0,0,10,0
38,2,6,0,0,12,0,0,0,11,0
39,2,6,0,0,12,0,0,0,11,0
40,2,6,0,0,12,0,0,0,12,0
41,2,6,0,0,13,0,0,0,12,0
42,2,5,0,1,13,0,0,0,13,0
43,2,4,0,2,13,0,0,0,13,1
44,2,4,0,3,13,0,0,0,13,2
45,2,4,0,3,14,0,0,0,13,2
46,2,4,0,4,14,0,0,0,13,3
47,2,4,0,4,15,0,0,0,13,3
48,2,4,0,5,15,0,0,0,13,4
49,2,4,0,6,15,0,0,0,13,4
50,2,4,0,6,16,0,0,0,13,5
51,2,4,0,7,16,0,0,0,13,5
52,2,4,0,8,16,0,0,0,13,6
53,2,4,0,8,17,0,0,0,13,7
54,2,4,0,9,17,0,0,0,13,7
55,2,4,0,10,18,0,0,0,13,8
56,2,4,0,10,18,0,0,0,13,9
57,2,4,0,11,19,0,0,0,13,9
58,2,4,0,12,19,0,0,0,13,10
59,2,4,0,13,20,0,0,0,13,11
0,3,3,0,0,11,13,7,15,13,0
1,3,3,0,0,11,12,6,14,12,0
2,3,3,0,0,10,11,5,13,11,0
3,3,3,0,0,10,10,4,13,11,0
4,3,3,0,0,10,9,3,12,10,0
5,3,3,0,0,10,8,3,12,10,0
6,3,3,0,0,10,8,2,11,10,0
7,3,4,0,0,10,7,0,11,10,0
8,3,4,0,0,10,6,0,10,9,0
9,3,4,0,0,10,5,0,10,9,0
10,3,4,0,0,9,4,0,10,9,0
11,3,4,0,0,9,3,0,9,9,0
12,3,4,0,0,9,2,0,9,9,0
13,3,5,0,0,9,0,0,9,9,0
14,3,5,0,0,9,0,0,9,9,0
15,3,5,0,0,9,0,0,9,9,0
16,3,5,0,0,9,0,0,8,8,0
17,3,5,0,0,9,0,0,8,8,0
18,3,5,0,0,9,0,0,8,8,0
19,3,5,0,0,9,0,0,8,8,0
20,3,5,0,0,9,0,0,8,8,0
21,3,5,0,0,9,0,0,8,8,0
22,3,5,0,0,9,0,0,7,8,0
23,3,5,0,0,9,0,0,6,8,0
24,3,5,0,0,9,0,0,5,8,0
25,3,5,0,0,9,0,0,4,8,0
26,3,5,0,0,9,0,0,3,8,0
27,3,5,0,0,9,0,0,2,8,0
28,3,5,0,0,10,0,0,2,8,0
29,3,6,0,0,10,0,0,0,8,0
30,3,6,0,0,10,0,0,0,8,0
31,3,6,0,0,10,0,0,0,8,0
32,3,6,0,0,10,0,0,0,9,0
33,3,6,0,0,10,0,0,0,9,0
34,3,6,0,0,10,0,0,0,9,0
35,3,6,0,0,10,0,0,0,9,0
36,3,6,0,0,11,0,0,0,9,0
37,3,6,0,0,11,0,0,0,10,0
38,3,6,0,0,11,0,0,0,10,0
39,3,6,0,0,11,0,0,0,11,0
40,3,6,0,0,12,0,0,0,11,0
41,3,6,0,0,12,0,0,0,12,0
42,3,5,0,1,12,0,0,0,12,0
43,3,5,0,2,12,0,0,0,12,0
44,3,4,0,2,13,0,0,0,12,1
45,3,4,0,3,13,0,0,0,12,2
46,3,4,0,3,14,0,0,0,12,2
47,3,4,0,4,14,0,0,0,12,3
48,3,4,0,5,14,0,0,0,12,3
49,3,4,0,5,15,0,0,0,12,4
50,3,4,0,6,15,0,0,0,12,4
51,3,4,0,7,15,0,0,0,12,5
52,3,4,0,7,16,0,0,0,12,6
53,3,4,0,8,16,0,0,0,12,6
54,3,4,0,9,17,0,0,0,12,7
55,3,4,0,9,17,0,0,0,12,8
56,3,4,0,10,18,0,0,0,12,8
57,3,4,0,11,18,0,0,0,12,9
58,3,4,0,12,19,0,0,0,12,10
59,3,4,0,12,19,0,0,0,12,11
0,4,3,0,0,10,13,6,14,13,0
1,4,3,0,0,10,12,6,14,12,0
2,4,3,0,0,10,11,5,13,11,0
3,4,3,0,0,9,10,4,12,10,0
4,4,3,0,0,9,9,3,12,10,0
5,4,3,0,0,9,8,2,11,9,0
6,4,3,0,0,9,7,2,11,9,0
7,4,4,0,0,9,7,0,10,9,0
8,4,4,0,0,9,6,0,10,9,0
9,4,4,0,0,9,5,0,9,8,0
10,4,4,0,0,9,4,0,9,8,0
11,4,4,0,0,8,3,0,9,8,0
12,4,4,0,0,8,2,0,8,8,0
13,4,5,0,0,8,0,0,8,8,0
14,4,5,0,0,8,0,0,8,8,0
15,4,5,0,0,8,0,0,8,8,0
16,4,5,0,0,8,0,0,8,8,0
17,4,5,0,0,8,0,0,7,7,0
18,4,5,0,0,8,0,0,7,7,0
19,4,5,0,0,8,0,0,7,7,0
20,4,5,0,0,8,0,0,7,7,0
21,4,5,0,0,8,0,0,7,7,0
22,4,5,0,0,8,0,0,7,7,0
23,4,5,0,0,8,0,0,6,7,0
24,4,5,0,0,8,0,0,5,7,0
25,4,5,0,0,8,0,0,4,7,0
26,4,5,0,0,8,0,0,3,7,0
27,4,5,0,0,9,0,0,3,7,0
28,4,5,0,0,9,0,0,2,7,0
29,4,6,0,0,9,0,0,0,7,0
30,4,6,0,0,9,0,0,0,7,0
31,4,6,0,0,9,0,0,0,8,0
32,4,6,0,0,9,0,0,0,8,0
33,4,6,0,0,9,0,0,0,8,0
34,4,6,0,0,9,0,0,0,8,0
35,4,6,0,0,10,0,0,0,8,0
36,4,6,0,0,10,0,0,0,9,0
37,4,6,0,0,10,0,0,0,9,0
38,4,6,0,0,10,0,0,0,10,0
39,4,6,0,0,11,0,0,0,10,0
40,4,6,0,0,11,0,0,0,11,0
41,4,6,0,0,11,0,0,0,11,0
42,4,6,0,0,11,0,0,0,12,0
43,4,5,0,1,12,0,0,0,12,0
44,4,5,0,2,12,0,0,0,11,0
45,4,4,0,2,13,0,0,0,11,1
46,4,4,0,3,13,0,0,0,11,2
47,4,4,0,4,13,0,0,0,11,2
48,4,4,0,4,14,0,0,0,11,3
49,4,4,0,5,14,0,0,0,11,3
50,4,4,0,6,14,0,0,0,11,4
51,4,4,0,6,15,0,0,0,11,5
52,4,4,0,7,15,0,0,0,11,5
53,4,4,0,8,16,0,0,0,11,6
54,4,4,0,8,16,0,0,0,11,7
55,4,4,0,9,17,0,0,0,11,7
56,4,4,0,10,17,0,0,0,11,8
57,4,4,0,11,18,0,0,0,11,9
58,4,4,0,11,18,0,0,0,11,10
59,4,4,0,12,19,0,0,0,11,10
0,5,3,0,0,9,13,6,14,12,0
1,5,3,0,0,9,12,5,13,12,0
2,5,3,0,0,9,11,5,13,11,0
3,5,3,0,0,9,10,4,12,10,0
4,5,3,0,0,8,9,3,11,9,0
5,5,3,0,0,8,8,2,11,9,0
6,5,4,0,0,8,7,0,10,8,0
7,5,4,0,0,8,6,0,10,8,0
8,5,4,0,0,8,6,0,9,8,0
9,5,4,0,0,8,5,0,9,8,0
10,5,4,0,0,8,4,0,8,7,0
11,5,4,0,0,8,3,0,8,7,0
12,5,4,0,0,7,2,0,8,7,0
13,5,5,0,0,7,0,0,7,7,0
14,5,5,0,0,7,0,0,7,7,0
15,5,5,0,0,7,0,0,7,7,0
16,5,5,0,0,7,0,0,7,7,0
17,5,5,0,0,7,0,0,7,7,0
18,5,5,0,0,7,0,0,6,6,0
19,5,5,0,0,7,0,0,6,6,0
20,5,5,0,0,7,0,0,6,6,0
21,5,5,0,0,7,0,0,6,6,0
22,5,5,0,0,7,0,0,6,6,0
23,5,5,0,0,7,0,0,6,6,0
24,5,5,0,0,7,0,0,5,6,0
25,5,5,0,0,7,0,0,4,6,0
26,5,5,0,0,8,0,0,4,6,0
27,5,5,0,0,8,0,0,3,6,0
28,5,5,0,0,8,0,0,2,6,0
29,5,6,0,0,8,0,0,0,6,0
30,5,6,0,0,8,0,0,0,7,0
31,5,6,0,0,8,0,0,0,7,0
32,5,6,0,0,8,0,0,0,7,0
33,5,6,0,0,8,0,0,0,7,0
34,5,6,0,0,9,0,0,0,7,0
35,5,6,0,0,9,0,0,0,8,0
36,5,6,0,0,9,0,0,0,8,0
37,5,6,0,0,9,0,0,0,9,0
38,5,6,0,0,10,0,0,0,9,0
39,5,6,0,0,10,0,0,0,10,0
40,5,6,0,0,10,0,0,0,10,0
41,5,6,0,0,10,0,0,0,11,0
42,5,6,0,0,11,0,0,0,11,0
43,5,6,0,0,11,0,0,0,11,0
44,5,5,0,1,12,0,0,0,11,0
45,5,5,0,2,12,0,0,0,10,0
46,5,4,0,3,12,0,0,0,10,1
47,5,4,0,3,13,0,0,0,10,2
48,5,4,0,4,13,0,0,0,10,2
49,5,4,0,5,13,0,0,0,10,3
50,5,4,0,5,14,0,0,0,10,4
51,5,4,0,6,14,0,0,0,10,4
52,5,4,0,7,15,0,0,0,10,5
53,5,4,0,7,15,0,0,0,10,6
54,5,4,0,8,16,0,0,0,10,6
55,5,4,0,9,16,0,0,0,10,7
56,5,4,0,10,17,0,0,0,10,8
57,5,4,0,10,17,0,0,0,10,9
58,5,4,0,11,18,0,0,0,10,9
59,5,4,0,12,18,0,0,0,10,10
0,6,3,0,0,9,13,6,14,12,0
1,6,3,0,0,8,12,5,13,11,0
2,6,3,0,0,8,11,4,12,11,0
3,6,3,0,0,8,10,4,12,10,0
4,6,3,0,0,8,9,3,11,9,0
5,6,3,0,0,7,8,2,10,8,0
6,6,4,0,0,7,7,0,10,8,0
7,6,4,0,0,7,6,0,9,7,0
8,6,4,0,0,7,5,0,9,7,0
9,6,4,0,0,7,5,0,8,7,0
10,6,4,0,0,7,4,0,8,7,0
11,6,4,0,0,7,3,0,7,6,0
12,6,4,0,0,7,2,0,7,6,0
13,6,5,0,0,6,0,0,7,6,0
14,6,5,0,0,6,0,0,6,6,0
15,6,5,0,0,6,0,0,6,6,0
16,6,5,0,0,6,0,0,6,6,0
17,6,5,0,0,6,0,0,6,6,0
18,6,5,0,0,6,0,0,6,6,0
19,6,5,0,0,6,0,0,5,5,0
20,6,5,0,0,6,0,0,5,5,0
21,6,5,0,0,6,0,0,5,5,0
22,6,5,0,0,6,0,0,5,5,0
23,6,5,0,0,6,0,0,5,5,0
24,6,5,0,0,6,0,0,5,5,0
25,6,5,0,0,7,0,0,5,5,0
26,6,5,0,0,7,0,0,4,5,0
27,6,5,0,0,7,0,0,3,5,0
28,6,5,0,0,7,0,0,2,5,0
29,6,6,0,0,7,0,0,0,6,0
30,6,6,0,0,7,0,0,0,6,0
31,6,6,0,0,7,0,0,0,6,0
32,6,6,0,0,7,0,0,0,6,0
33,6,6,0,0,8,0,0,0,6,0
34,6,6,0,0,8,0,0,0,7,0
35,6,6,0,0,8,0,0,0,7,0
36,6,6,0,0,8,0,0,0,8,0
37,6,6,0,0,9,0,0,0,8,0
38,6,6,0,0,9,0,0,0,9,0
39,6,6,0,0,9,0,0,0,9,0
40,6,6,0,0,9,0,0,0,10,0
41,6,6,0,0,10,0,0,0,10,0
42,6,6,0,0,10,0,0,0,10,0
43,6,6,0,0,11,0,0,0,10,0
44,6,5,0,1,11,0,0,0,10,0
45,6,5,0,2,11,0,0,0,10,0
46,6,5,0,2,12,0,0,0,9,0
47,6,4,0,3,12,0,0,0,9,1
48,6,4,0,4,12,0,0,0,9,2
49,6,4,0,4,13,0,0,0,9,3
50,6,4,0,5,13,0,0,0,9,3
51,6,4,0,6,14,0,0,0,9,4
52,6,4,0,6,14,0,0,0,9,5
53,6,4,0,7,15,0,0,0,9,5
54,6,4,0,8,15,0,0,0,9,6
55,6,4,0,9,16,0,0,0,9,7
56,6,4,0,9,16,0,0,0,9,8
57,6,4,0,10,17,0,0,0,9,8
58,6,4,0,11,17,0,0,0,9,9
59,6,4,0,12,18,0,0,0,9,10
0,7,3,0,0,8,13,6,14,12,0
1,7,3,0,0,8,12,5,13,11,0
2,7,3,0,0,7,11,4,12,10,0
3,7,3,0,0,7,10,3,11,10,0
4,7,3,0,0,7,9,3,11,9,0
5,7,3,0,0,7,8,2,10,8,0
6,7,4,0,0,6,7,0,9,7,0
7,7,4,0,0,6,6,0,9,7,0
8,7,4,0,0,6,5,0,8,6,0
9,7,4,0,0,6,4,0,8,6,0
10,7,4,0,0,6,4,0,7,6,0
11,7,4,0,0,6,3,0,7,6,0
12,7,4,0,0,6,2,0,6,5,0
13,7,5,0,0,6,0,0,6,5,0
14,7,5,0,0,5,0,0,6,5,0
15,7,5,0,0,5,0,0,5,5,0
16,7,5,0,0,5,0,0,5,5,0
17,7,5,0,0,5,0,0,5,5,0
18,7,5,0,0,5,0,0,5,5,0
19,7,5,0,0,5,0,0,5,5,0
20,7,5,0,0,5,0,0,4,4,0
21,7,5,0,0,5,0,0,4,4,0
22,7,5,0,0,5,0,0,4,4,0
23,7,5,0,0,5,0,0,4,4,0
24,7,5,0,0,6,0,0,4,4,0
25,7,5,0,0,6,0,0,4,4,0
26,7,5,0,0,6,0,0,4,4,0
27,7,5,0,0,6,0,0,3,4,0
28,7,5,0,0,6,0,0,2,5,0
29,7,6,0,0,6,0,0,0,5,0
30,7,6,0,0,6,0,0,0,5,0
31,7,6,0,0,6,0,0,0,5,0
32,7,6,0,0,7,0,0,0,5,0
33,7,6,0,0,7,0,0,0,6,0
34,7,6,0,0,7,0,0,0,6,0
35,7,6,0,0,7,0,0,0,7,0
36,7,6,0,0,8,0,0,0,7,0
37,7,6,0,0,8,0,0,0,8,0
38,7,6,0,0,8,0,0,0,8,0
39,7,6,0,0,8,0,0,0,9,0
40,7,6,0,0,9,0,0,0,9,0
41,7,6,0,0,9,0,0,0,9,0
42,7,6,0,0,10,0,0,0,9,0
43,7,6,0,0,10,0,0,0,9,0
44,7,6,0,0,10,0,0,0,9,0
45,7,5,0,1,11,0,0,0,9,0
46,7,5,0,2,11,0,0,0,9,0
47,7,4,0,3,11,0,0,0,8,1
48,7,4,0,3,12,0,0,0,8,2
49,7,4,0,4,12,0,0,0,8,2
50,7,4,0,5,13,0,0,0,8,3
51,7,4,0,5,13,0,0,0,8,4
52,7,4,0,6,14,0,0,0,8,4
53,7,4,0,7,14,0,0,0,8,5
54,7,4,0,8,15,0,0,0,8,6
55,7,4,0,8,15,0,0,0,8,7
56,7,4,0,9,16,0,0,0,8,7
57,7,4,0,10,16,0,0,0,8,8
58,7,4,0,11,17,0,0,0,8,9
59,7,4,0,12,17,0,0,0,8,10
0,8,3,0,0,7,13,6,13,12,0
1,8,3,0,0,7,12,5,13,11,0
2,8,3,0,0,7,11,4,12,10,0
3,8,3,0,0,6,10,3,11,9,0
4,8,3,0,0,6,9,2,10,9,0
5,8,3,0,0,6,8,2,10,8,0
6,8,4,0,0,6,7,0,9,7,0
7,8,4,0,0,5,6,0,8,6,0
8,8,4,0,0,5,5,0,8,6,0
9,8,4,0,0,5,4,0,7,5,0
10,8,4,0,0,5,3,0,7,5,0
11,8,4,0,0,5,3,0,6,5,0
12,8,4,0,0,5,2,0,6,5,0
13,8,5,0,0,5,0,0,5,4,0
14,8,5,0,0,5,0,0,5,4,0
15,8,5,0,0,4,0,0,5,4,0
16,8,5,0,0,4,0,0,4,4,0
17,8,5,0,0,4,0,0,4,4,0
18,8,5,0,0,4,0,0,4,4,0
19,8,5,0,0,4,0,0,4,4,0
20,8,5,0,0,4,0,0,4,4,0
21,8,5,0,0,4,0,0,3,3,0
22,8,5,0,0,4,0,0,3,3,0
23,8,5,0,0,5,0,0,3,3,0
24,8,5,0,0,5,0,0,3,3,0
25,8,5,0,0,5,0,0,3,3,0
26,8,5,0,0,5,0,0,3,3,0
27,8,5,0,0,5,0,0,3,4,0
28,8,5,0,0,5,0,0,2,4,0
29,8,6,0,0,5,0,0,0,4,0
30,8,6,0,0,5,0,0,0,4,0
31,8,6,0,0,6,0,0,0,4,0
32,8,6,0,0,6,0,0,0,5,0
33,8,6,0,0,6,0,0,0,5,0
34,8,6,0,0,6,0,0,0,6,0
35,8,6,0,0,7,0,0,0,6,0
36,8,6,0,0,7,0,0,0,7,0
37,8,6,0,0,7,0,0,0,7,0
38,8,6,0,0,7,0,0,0,8,0
39,8,6,0,0,8,0,0,0,8,0
40,8,6,0,0,8,0,0,0,8,0
41,8,6,0,0,9,0,0,0,8,0
42,8,6,0,0,9,0,0,0,8,0
43,8,6,0,0,9,0,0,0,8,0
44,8,6,0,0,10,0,0,0,8,0
45,8,5,0,1,10,0,0,0,8,0
46,8,5,0,2,10,0,0,0,8,0
47,8,5,0,2,11,0,0,0,8,0
48,8,4,0,3,11,0,0,0,7,1
49,8,4,0,4,12,0,0,0,7,2
50,8,4,0,4,12,0,0,0,7,3
51,8,4,0,5,13,0,0,0,7,3
52,8,4,0,6,13,0,0,0,7,4
53,8,4,0,7,14,0,0,0,7,5
54,8,4,0,7,14,0,0,0,7,6
55,8,4,0,8,15,0,0,0,7,6
56,8,4,0,9,15,0,0,0,7,7
57,8,4,0,10,16,0,0,0,7,8
58,8,4,0,11,16,0,0,0,7,9
59,8,4,0,12,17,0,0,0,7,10
0,9,3,0,0,6,13,6,12,12,0
1,9,3,0,0,6,12,5,12,11,0
2,9,3,0,0,6,11,4,12,10,0
3,9,3,0,0,6,10,3,11,9,0
4,9,3,0,0,5,9,2,10,8,0
5,9,4,0,0,5,8,0,9,8,0
6,9,4,0,0,5,7,0,9,7,0
7,9,4,0,0,5,6,0,8,6,0
8,9,4,0,0,4,5,0,7,5,0
9,9,4,0,0,4,4,0,7,5,0
10,9,4,0,0,4,3,0,6,4,0
11,9,4,0,0,4,2,0,6,4,0
12,9,4,0,0,4,2,0,5,4,0
13,9,5,0,0,4,0,0,5,4,0
14,9,5,0,0,4,0,0,4,3,0
15,9,5,0,0,4,0,0,4,3,0
16,9,5,0,0,3,0,0,4,3,0
17,9,5,0,0,3,0,0,3,3,0
18,9,5,0,0,3,0,0,3,3,0
19,9,5,0,0,3,0,0,3,3,0
20,9,5,0,0,3,0,0,3,3,0
21,9,5,0,0,3,0,0,3,3,0
22,9,5,0,0,4,0,0,2,2,0
23,9,5,0,0,4,0,0,2,2,0
24,9,5,0,0,4,0,0,2,2,0
25,9,5,0,0,4,0,0,2,2,0
26,9,5,0,0,4,0,0,3,3,0
27,9,5,0,0,4,0,0,3,3,0
28,9,5,0,0,4,0,0,2,3,0
29,9,5,0,0,4,0,0,1,3,0
30,9,6,0,0,5,0,0,0,3,0
31,9,6,0,0,5,0,0,0,4,0
32,9,6,0,0,5,0,0,0,4,0
33,9,6,0,0,5,0,0,0,5,0
34,9,6,0,0,6,0,0,0,5,0
35,9,6,0,0,6,0,0,0,6,0
36,9,6,0,0,6,0,0,0,6,0
37,9,6,0,0,6,0,0,0,7,0
38,9,6,0,0,7,0,0,0,7,0
39,9,6,0,0,7,0,0,0,8,0
40,9,6,0,0,8,0,0,0,8,0
41,9,6,0,0,8,0,0,0,7,0
42,9,6,0,0,8,0,0,0,7,0
43,9,6,0,0,9,0,0,0,7,0
44,9,6,0,0,9,0,0,0,7,0
45,9,6,0,0,9,0,0,0,7,0
46,9,5,0,1,10,0,0,0,7,0
47,9,5,0,2,10,0,0,0,7,0
48,9,4,0,3,11,0,0,0,7,1
49,9,4,0,3,11,0,0,0,6,2
50,9,4,0,4,12,0,0,0,6,2
51,9,4,0,5,12,0,0,0,6,3
52,9,4,0,6,13,0,0,0,6,4
53,9,4,0,6,13,0,0,0,6,5
54,9,4,0,7,14,0,0,0,6,5
55,9,4,0,8,14,0,0,0,6,6
56,9,4,0,9,15,0,0,0,6,7
57,9,4,0,10,15,0,0,0,6,8
58,9,4,0,11,16,0,0,0,6,9
59,9,4,0,12,17,0,0,0,6,10
0,10,3,0,0,6,13,6,11,12,0
1,10,3,0,0,5,12,5,11,11,0
2,10,3,0,0,5,11,4,11,10,0
3,10,3,0,0,5,10,3,11,9,0
4,10,3,0,0,5,9,2,10,8,0
5,10,4,0,0,4,8,0,9,7,0
6,10,4,0,0,4,7,0,8,7,0
7,10,4,0,0,4,6,0,8,6,0
8,10,4,0,0,4,5,0,7,5,0
9,10,4,0,0,3,4,0,6,4,0
10,10,4,0,0,3,3,0,6,4,0
11,10,4,0,0,3,2,0,5,3,0
12,10,5,0,0,3,0,0,5,3,0
13,10,5,0,0,3,0,0,4,3,0
14,10,5,0,0,3,0,0,4,3,0
15,10,5,0,0,3,0,0,3,2,0
16,10,5,0,0,3,0,0,3,2,0
17,10,5,0,0,2,0,0,3,2,0
18,10,5,0,0,2,0,0,2,2,0
19,10,5,0,0,2,0,0,2,2,0
20,10,5,0,0,2,0,0,2,2,0
21,10,5,0,0,3,0,0,2,2,0
22,10,5,0,0,3,0,0,2,2,0
23,10,7,0,0,3,0,0,0,0,0
24,10,5,0,0,3,0,0,1,1,0
25,10,5,0,0,3,0,0,2,2,0
26,10,5,0,0,3,0,0,2,2,0
27,10,5,0,0,3,0,0,2,2,0
28,10,5,0,0,3,0,0,2,2,0
29,10,5,0,0,4,0,0,2,2,0
30,10,6,0,0,4,0,0,0,3,0
31,10,6,0,0,4,0,0,0,3,0
32,10,6,0,0,4,0,0,0,4,0
33,10,6,0,0,5,0,0,0,4,0
34,10,6,0,0,5,0,0,0,5,0
35,10,6,0,0,5,0,0,0,5,0
36,10,6,0,0,5,0,0,0,6,0
37,10,6,0,0,6,0,0,0,6,0
38,10,6,0,0,6,0,0,0,7,0
39,10,6,0,0,7,0,0,0,7,0
40,10,6,0,0,7,0,0,0,7,0
41,10,6,0,0,7,0,0,0,7,0
42,10,6,0,0,8,0,0,0,6,0
43,10,6,0,0,8,0,0,0,6,0
44,10,6,0,0,8,0,0,0,6,0
45,10,6,0,0,9,0,0,0,6,0
46,10,5,0,1,9,0,0,0,6,0
47,10,5,0,2,10,0,0,0,6,0
48,10,5,0,2,10,0,0,0,6,0
49,10,4,0,3,11,0,0,0,6,1
50,10,4,0,4,11,0,0,0,5,2
51,10,4,0,5,12,0,0,0,5,3
52,10,4,0,5,12,0,0,0,5,4
53,10,4,0,6,13,0,0,0,5,4
54,10,4,0,7,13,0,0,0,5,5
55,10,4,0,8,14,0,0,0,5,6
56,10,4,0,9,14,0,0,0,5,7
57,10,4,0,10,15,0,0,0,5,8
58,10,4,0,11,16,0,0,0,5,9
59,10,4,0,12,16,0,0,0,5,10
0,11,3,0,0,5,13,6,10,12,0
1,11,3,0,0,5,12,5,10,11,0
2,11,3,0,0,4,11,4,10,10,0
3,11,3,0,0,4,10,3,10,9,0
4,11,3,0,0,4,9,2,10,8,0
5,11,4,0,0,4,8,0,9,7,0
6,11,4,0,0,3,7,0,8,6,0
7,11,4,0,0,3,6,0,7,6,0
8,11,4,0,0,3,5,0,7,5,0
9,11,4,0,0,3,4,0,6,4,0
10,11,4,0,0,2,3,0,5,3,0
11,11,4,0,0,2,2,0,5,3,0
12,11,4,0,0,2,1,0,4,2,0
13,11,5,0,0,2,0,0,4,2,0
14,11,5,0,0,2,0,0,3,2,0
15,11,5,0,0,2,0,0,3,2,0
16,11,6,0,0,2,0,0,2,0,0
17,11,5,0,0,2,0,0,2,1,0
18,11,6,0,0,0,0,0,2,2,0
19,11,7,0,0,1,0,0,0,0,0
20,11,7,0,0,2,0,0,0,0,0
21,11,7,0,0,2,0,0,0,0,0
22,11,7,0,0,2,0,0,0,0,0
23,11,7,0,0,2,0,0,0,0,0
24,11,7,0,0,2,0,0,0,0,0
25,11,7,0,0,2,0,0,0,0,0
26,11,7,0,0,2,0,0,0,0,0
27,11,7,0,0,2,0,0,0,0,0
28,11,5,0,0,3,0,0,1,1,0
29,11,5,0,0,3,0,0,2,2,0
30,11,5,0,0,3,0,0,1,2,0
31,11,6,0,0,3,0,0,0,3,0
32,11,6,0,0,4,0,0,0,3,0
33,11,6,0,0,4,0,0,0,4,0
34,11,6,0,0,4,0,0,0,4,0
35,11,6,0,0,4,0,0,0,5,0
36,11,6,0,0,5,0,0,0,5,0
37,11,6,0,0,5,0,0,0,6,0
38,11,6,0,0,6,0,0,0,7,0
39,11,6,0,0,6,0,0,0,6,0
40,11,6,0,0,6,0,0,0,6,0
41,11,6,0,0,7,0,0,0,6,0
42,11,6,0,0,7,0,0,0,6,0
43,11,6,0,0,7,0,0,0,5,0
44,11,6,0,0,8,0,0,0,5,0
45,11,6,0,0,8,0,0,0,5,0
46,11,6,0,0,9,0,0,0,5,0
47,11,5,0,1,9,0,0,0,5,0
48,11,5,0,2,10,0,0,0,5,0
49,11,4,0,3,10,0,0,0,5,1
50,11,4,0,4,11,0,0,0,5,2
51,11,4,0,4,11,0,0,0,4,3
52,11,4,0,5,12,0,0,0,4,3
53,11,4,0,6,12,0,0,0,4,4
54,11,4,0,7,13,0,0,0,4,5
55,11,4,0,8,13,0,0,0,4,6
56,11,4,0,9,14,0,0,0,4,7
57,11,4,0,10,15,0,0,0,4,8
58,11,4,0,11,15,0,0,0,4,9
59,11,4,0,12,16,0,0,0,5,9
0,12,3,0,0,5,13,5,9,12,0
1,12,3,0,0,4,12,5,9,11,0
2,12,3,0,0,4,11,4,9,10,0
3,12,3,0,0,3,10,3,9,9,0
4,12,3,0,0,3,9,2,9,8,0
5,12,4,0,0,3,8,0,9,7,0
6,12,4,0,0,3,7,0,8,6,0
7,12,4,0,0,2,6,0,7,5,0
8,12,4,0,0,2,5,0,6,5,0
9,12,4,0,0,2,4,0,6,4,0
10,12,4,0,0,2,3,0,5,3,0
11,12,5,0,0,0,2,0,4,2,0
12,12,5,0,0,0,2,0,4,2,0
13,12,7,0,0,0,0,0,3,0,0
14,12,7,0,0,0,0,0,3,0,0
15,12,7,0,0,0,0,0,2,0,0
16,12,7,0,0,0,0,0,2,0,0
17,12,8,0,0,0,0,0,0,0,0
18,12,8,0,0,0,0,0,0,0,0
19,12,8,0,0,0,0,0,0,0,0
20,12,8,0,0,0,0,0,0,0,0
21,12,8,0,0,0,0,0,0,0,0
22,12,8,0,0,0,0,0,0,0,0
23,12,8,0,0,0,0,0,0,0,0
24,12,8,0,0,0,0,0,0,0,0
25,12,8,0,0,0,0,0,0,0,0
26,12,7,0,0,1,0,0,0,0,0
27,12,7,0,0,2,0,0,0,0,0
28,12,7,0,0,2,0,0,0,0,0
29,12,6,0,0,2,0,0,0,1,0
30,12,5,0,0,2,0,0,1,2,0
31,12,6,0,0,3,0,0,0,2,0
32,12,6,0,0,3,0,0,0,3,0
33,12,6,0,0,3,0,0,0,3,0
34,12,6,0,0,3,0,0,0,4,0
35,12,6,0,0,4,0,0,0,4,0
36,12,6,0,0,4,0,0,0,5,0
37,12,6,0,0,5,0,0,0,6,0
38,12,6,0,0,5,0,0,0,6,0
39,12,6,0,0,5,0,0,0,6,0
40,12,6,0,0,6,0,0,0,5,0
41,12,6,0,0,6,0,0,0,5,0
42,12,6,0,0,6,0,0,0,5,0
43,12,6,0,0,7,0,0,0,5,0
44,12,6,0,0,7,0,0,0,4,0
45,12,6,0,0,8,0,0,0,4,0
46,12,6,0,0,8,0,0,0,4,0
47,12,5,0,1,9,0,0,0,4,0
48,12,5,0,2,9,0,0,0,4,0
49,12,4,0,3,10,0,0,0,4,1
50,12,4,0,3,10,0,0,0,4,2
51,12,4,0,4,11,0,0,0,4,2
52,12,4,0,5,11,0,0,0,3,3
53,12,4,0,6,12,0,0,0,3,4
54,12,4,0,7,12,0,0,0,3,5
55,12,4,0,8,13,0,0,0,3,6
56,12,4,0,9,14,0,0,0,3,7
57,12,4,0,10,14,0,0,0,3,8
58,12,4,0,11,15,0,0,0,4,8
59,12,4,0,11,16,0,0,0,4,9
0,13,3,0,0,4,13,5,8,12,0
1,13,3,0,0,4,12,4,8,11,0
2,13,3,0,0,3,11,4,8,10,0
3,13,3,0,0,3,10,3,8,9,0
4,13,3,0,0,2,9,2,8,8,0
5,13,4,0,0,2,8,0,8,7,0
6,13,4,0,0,2,7,0,8,6,0
7,13,4,0,0,2,6,0,7,5,0
8,13,5,0,0,0,5,0,6,4,0
9,13,5,0,0,0,4,0,5,4,0
10,13,5,0,0,0,3,0,5,3,0
11,13,5,0,0,0,3,0,4,2,0
12,13,6,0,0,0,2,0,3,0,0
13,13,7,0,0,0,0,0,3,0,0
14,13,7,0,0,0,0,0,2,0,0
15,13,7,0,0,0,0,0,2,0,0
16,13,8,0,0,0,0,0,0,0,0
17,13,8,0,0,0,0,0,0,0,0
18,13,8,0,0,0,0,0,0,0,0
19,13,8,0,0,0,0,0,0,0,0
20,13,8,0,0,0,0,0,0,0,0
21,13,8,0,0,0,0,0,0,0,0
22,13,8,0,0,0,0,0,0,0,0
23,13,8,0,0,0,0,0,0,0,0
24,13,8,0,0,0,0,0,0,0,0
25,13,8,0,0,0,0,0,0,0,0
26,13,8,0,0,0,0,0,0,0,0
27,13,8,0,0,0,0,0,0,0,0
28,13,8,0,0,0,0,0,0,0,0
29,13,7,0,0,1,0,0,0,0,0
30,13,6,0,0,2,0,0,0,1,0
31,13,5,0,0,2,0,0,1,2,0
32,13,6,0,0,2,0,0,0,2,0
33,13,6,0,0,2,0,0,0,3,0
34,13,6,0,0,3,0,0,0,3,0
35,13,6,0,0,3,0,0,0,4,0
36,13,6,0,0,4,0,0,0,5,0
37,13,6,0,0,4,0,0,0,6,0
38,13,6,0,0,4,0,0,0,5,0
39,13,6,0,0,5,0,0,0,5,0
40,13,6,0,0,5,0,0,0,5,0
41,13,6,0,0,5,0,0,0,4,0
42,13,6,0,0,6,0,0,0,4,0
43,13,6,0,0,6,0,0,0,4,0
44,13,6,0,0,7,0,0,0,4,0
45,13,6,0,0,7,0,0,0,3,0
46,13,6,0,0,8,0,0,0,3,0
47,13,5,0,1,8,0,0,0,3,0
48,13,5,0,2,9,0,0,0,3,0
49,13,5,0,2,9,0,0,0,3,0
50,13,4,0,3,10,0,0,0,3,1
51,13,4,0,4,10,0,0,0,3,2
52,13,4,0,5,11,0,0,0,3,3
53,13,4,0,6,11,0,0,0,2,4
54,13,4,0,7,12,0,0,0,2,5
55,13,4,0,8,13,0,0,0,2,6
56,13,4,0,9,13,0,0,0,2,7
57,13,4,0,10,14,0,0,0,3,7
58,13,4,0,10,15,0,0,0,3,8
59,13,4,0,11,15,0,0,0,3,9
0,14,3,0,0,3,13,5,7,12,0
1,14,2,0,0,3,12,4,7,11,1
2,14,2,0,0,3,11,3,7,10,1
3,14,3,0,0,2,10,3,7,9,0
4,14,3,0,0,2,9,2,7,8,0
5,14,5,0,0,0,8,0,7,7,0
6,14,5,0,0,0,7,0,7,6,0
7,14,5,0,0,0,6,0,7,5,0
8,14,5,0,0,0,5,0,6,4,0
9,14,5,0,0,0,4,0,5,3,0
10,14,5,0,0,0,4,0,4,3,0
11,14,5,0,0,0,3,0,4,2,0
12,14,6,0,0,0,2,0,3,0,0
13,14,7,0,0,0,0,0,2,0,0
14,14,7,0,0,0,0,0,2,0,0
15,14,8,0,0,0,0,0,0,0,0
16,14,8,0,0,0,0,0,0,0,0
17,14,8,0,0,0,0,0,0,0,0
18,14,8,0,0,0,0,0,0,0,0
19,14,8,0,0,0,0,0,0,0,0
20,14,8,0,0,0,0,0,0,0,0
21,14,8,0,0,0,0,0,0,0,0
22,14,8,0,0,0,0,0,0,0,0
23,14,8,0,0,0,0,0,0,0,0
24,14,8,0,0,0,0,0,0,0,0
25,14,8,0,0,0,0,0,0,0,0
26,14,8,0,0,0,0,0,0,0,0
27,14,8,0,0,0,0,0,0,0,0
28,14,8,0,0,0,0,0,0,0,0
29,14,8,0,0,0,0,0,0,0,0
30,14,8,0,0,0,0,0,0,0,0
31,14,7,0,0,0,0,0,0,1,0
32,14,6,0,0,1,0,0,0,2,0
33,14,6,0,0,2,0,0,0,2,0
34,14,6,0,0,2,0,0,0,3,0
35,14,6,0,0,3,0,0,0,4,0
36,14,6,0,0,3,0,0,0,5,0
37,14,6,0,0,3,0,0,0,5,0
38,14,6,0,0,4,0,0,0,5,0
39,14,6,0,0,4,0,0,0,4,0
40,14,6,0,0,4,0,0,0,4,0
41,14,6,0,0,5,0,0,0,4,0
42,14,6,0,0,5,0,0,0,3,0
43,14,6,0,0,6,0,0,0,3,0
44,14,6,0,0,6,0,0,0,3,0
45,14,5,1,0,7,0,0,0,3,0
46,14,6,0,0,7,0,0,0,2,0
47,14,6,0,0,8,0,0,0,2,0
48,14,5,0,1,8,0,0,0,2,0
49,14,5,0,2,9,0,0,0,2,0
50,14,4,0,3,9,0,0,0,2,1
51,14,4,0,4,10,0,0,0,2,2
52,14,4,0,5,10,0,0,0,2,3
53,14,4,0,6,11,0,0,0,2,4
54,14,5,0,7,12,0,0,0,0,5
55,14,4,0,8,12,0,0,0,1,6
56,14,4,0,9,13,0,0,0,2,6
57,14,4,0,9,14,0,0,0,2,7
58,14,4,0,10,14,0,0,0,2,8
59,14,4,0,11,15,0,0,0,2,9
0,15,2,0,0,3,13,5,6,12,1
1,15,2,0,0,2,12,4,6,11,1
2,15,3,0,0,2,11,3,6,10,0
3,15,3,0,0,2,10,2,6,9,0
4,15,4,0,0,0,9,2,6,8,0
5,15,5,0,0,0,8,0,6,7,0
6,15,5,0,0,0,7,0,6,6,0
7,15,5,0,0,0,6,0,6,5,0
8,15,5,0,0,0,5,0,6,4,0
9,15,5,0,0,0,5,0,5,3,0
10,15,5,0,0,0,4,0,4,2,0
11,15,5,0,0,0,3,0,3,2,0
12,15,6,0,0,0,2,0,3,0,0
13,15,7,0,0,0,0,0,2,0,0
14,15,8,0,0,0,0,0,0,0,0
15,15,8,0,0,0,0,0,0,0,0
16,15,8,0,0,0,0,0,0,0,0
17,15,8,0,0,0,0,0,0,0,0
18,15,8,0,0,0,0,0,0,0,0
19,15,8,0,0,0,0,0,0,0,0
20,15,8,0,0,0,0,0,0,0,0
21,15,8,0,0,0,0,0,0,0,0
22,15,8,0,0,0,0,0,0,0,0
23,15,8,0,0,0,0,0,0,0,0
24,15,8,0,0,0,0,0,0,0,0
25,15,8,0,0,0,0,0,0,0,0
26,15,8,0,0,0,0,0,0,0,0
27,15,8,0,0,0,0,0,0,0,0
28,15,8,0,0,0,0,0,0,0,0
29,15,8,0,0,0,0,0,0,0,0
30,15,8,0,0,0,0,0,0,0,0
31,15,8,0,0,0,0,0,0,0,0
32,15,7,0,0,0,0,0,0,1,0
33,15,6,0,0,1,0,0,0,2,0
34,15,6,0,0,2,0,0,0,3,0
35,15,6,0,0,2,0,0,0,4,0
36,15,6,0,0,2,0,0,0,5,0
37,15,6,0,0,3,0,0,0,4,0
38,15,6,0,0,3,0,0,0,4,0
39,15,6,0,0,3,0,0,0,4,0
40,15,6,0,0,4,0,0,0,3,0
41,15,6,0,0,4,0,0,0,3,0
42,15,6,0,0,5,0,0,0,3,0
43,15,6,0,0,5,0,0,0,2,0
44,15,6,0,0,6,0,0,0,2,0
45,15,5,1,0,6,0,0,0,2,0
46,15,5,1,0,7,0,0,0,2,0
47,15,7,0,0,7,0,0,0,0,0
48,15,6,0,1,8,0,0,0,0,0
49,15,6,0,2,8,0,0,0,0,0
50,15,5,0,3,9,0,0,0,0,1
51,15,5,0,4,9,0,0,0,0,2
52,15,5,0,5,10,0,0,0,0,3
53,15,5,0,6,11,0,0,0,0,4
54,15,5,0,7,11,0,0,0,0,5
55,15,5,0,8,12,0,0,0,0,5
56,15,5,0,8,13,0,0,0,0,6
57,15,5,0,9,13,0,0,0,0,7
58,15,5,0,10,14,0,0,0,0,8
59,15,5,0,11,14,0,0,0,0,9
0,16,3,0,0,2,13,5,5,12,0
1,16,3,0,0,2,12,4,5,11,0
2,16,4,0,0,0,11,3,5,10,0
3,16,4,0,0,0,10,2,5,9,0
4,16,5,0,0,0,9,0,5,8,0
5,16,5,0,0,0,8,0,5,7,0
6,16,5,0,0,0,7,0,5,6,0
7,16,5,0,0,0,6,0,5,5,0
8,16,5,0,0,0,6,0,5,4,0
9,16,5,0,0,0,5,0,5,3,0
10,16,5,0,0,0,4,0,4,2,0
11,16,6,0,0,0,3,0,3,0,0
12,16,6,0,0,0,2,0,2,0,0
13,16,7,0,0,0,0,0,2,0,0
14,16,8,0,0,0,0,0,0,0,0
15,16,8,0,0,0,0,0,0,0,0
16,16,8,0,0,0,0,0,0,0,0
17,16,8,0,0,0,0,0,0,0,0
18,16,8,0,0,0,0,0,0,0,0
19,16,8,0,0,0,0,0,0,0,0
20,16,8,0,0,0,0,0,0,0,0
21,16,8,0,0,0,0,0,0,0,0
22,16,8,0,0,0,0,0,0,0,0
23,16,8,0,0,0,0,0,0,0,0
24,16,8,0,0,0,0,0,0,0,0
25,16,8,0,0,0,0,0,0,0,0
26,16,8,0,0,0,0,0,0,0,0
27,16,8,0,0,0,0,0,0,0,0
28,16,8,0,0,0,0,0,0,0,0
29,16,8,0,0,0,0,0,0,0,0
30,16,8,0,0,0,0,0,0,0,0
31,16,8,0,0,0,0,0,0,0,0
32,16,7,0,0,0,0,0,0,1,0
33,16,7,0,0,0,0,0,0,2,0
34,16,7,0,0,0,0,0,0,3,0
35,16,6,0,0,1,0,0,0,4,0
36,16,6,0,0,2,0,0,0,4,0
37,16,6,0,0,2,0,0,0,4,0
38,16,6,0,0,2,0,0,0,3,0
39,16,6,0,0,3,0,0,0,3,0
40,16,6,0,0,3,0,0,0,3,0
41,16,6,0,0,4,0,0,0,2,0
42,16,6,0,0,4,0,0,0,2,0
43,16,6,0,0,5,0,0,0,2,0
44,16,6,1,0,5,0,0,0,0,0
45,16,6,1,0,6,0,0,0,0,0
46,16,6,2,0,6,0,0,0,0,0
47,16,6,1,0,7,0,0,0,0,0
48,16,6,0,1,7,0,0,0,0,0
49,16,6,0,2,8,0,0,0,0,0
50,16,5,0,3,8,0,0,0,0,1
51,16,5,0,4,9,0,0,0,0,2
52,16,5,0,5,10,0,0,0,0,3
53,16,5,0,6,10,0,0,0,0,4
54,16,5,0,7,11,0,0,0,0,4
55,16,5,0,7,12,0,0,0,0,5
56,16,5,0,8,12,0,0,0,0,6
57,16,5,0,9,13,0,0,0,0,7
58,16,5,0,10,13,0,0,0,0,8
59,16,5,0,11,14,0,0,0,0,9
0,17,4,0,0,0,13,5,5,12,0
1,17,4,0,0,0,12,4,4,11,0
2,17,4,0,0,0,11,3,4,10,0
3,17,4,0,0,0,10,2,4,9,0
4,17,4,0,0,0,9,1,4,8,0
5,17,5,0,0,0,8,0,4,7,0
6,17,5,0,0,0,7,0,4,6,0
7,17,5,0,0,0,7,0,4,5,0
8,17,5,0,0,0,6,0,4,4,0
9,17,5,0,0,0,5,0,5,3,0
10,17,5,0,0,0,4,0,4,2,0
11,17,5,0,0,0,3,0,3,1,0
12,17,6,0,0,0,2,0,2,0,0
13,17,8,0,0,0,0,0,0,0,0
14,17,8,0,0,0,0,0,0,0,0
15,17,8,0,0,0,0,0,0,0,0
16,17,8,0,0,0,0,0,0,0,0
17,17,8,0,0,0,0,0,0,0,0
18,17,8,0,0,0,0,0,0,0,0
19,17,8,0,0,0,0,0,0,0,0
20,17,8,0,0,0,0,0,0,0,0
21,17,8,0,0,0,0,0,0,0,0
22,17,8,0,0,0,0,0,0,0,0
23,17,8,0,0,0,0,0,0,0,0
24,17,8,0,0,0,0,0,0,0,0
25,17,8,0,0,0,0,0,0,0,0
26,17,8,0,0,0,0,0,0,0,0
27,17,8,0,0,0,0,0,0,0,0
28,17,8,0,0,0,0,0,0,0,0
29,17,8,0,0,0,0,0,0,0,0
30,17,8,0,0,0,0,0,0,0,0
31,17,8,0,0,0,0,0,0,0,0
32,17,7,0,0,0,0,0,0,1,0
33,17,7,0,0,0,0,0,0,2,0
34,17,7,0,0,0,0,0,0,3,0
35,17,7,0,0,0,0,0,0,3,0
36,17,7,0,0,0,0,0,0,3,0
37,17,6,0,0,1,0,0,0,3,0
38,17,6,0,0,2,0,0,0,3,0
39,17,6,0,0,2,0,0,0,2,0
40,17,6,0,0,3,0,0,0,2,0
41,17,6,0,0,3,0,0,0,2,0
42,17,7,0,0,4,0,0,0,0,0
43,17,7,0,0,4,0,0,0,0,0
44,17,6,1,0,5,0,0,0,0,0
45,17,6,2,0,5,0,0,0,0,0
46,17,6,2,0,6,0,0,0,0,0
47,17,6,2,0,6,0,0,0,0,0
48,17,5,1,1,7,0,0,0,0,0
49,17,6,0,2,7,0,0,0,0,0
50,17,5,0,3,8,0,0,0,0,1
51,17,5,0,4,9,0,0,0,0,2
52,17,5,0,5,9,0,0,0,0,3
53,17,5,0,6,10,0,0,0,0,3
54,17,5,0,6,11,0,0,0,0,4
55,17,5,0,7,11,0,0,0,0,5
56,17,5,0,8,12,0,0,0,0,6
57,17,5,0,9,12,0,0,0,0,7
58,17,5,0,10,13,0,0,0,0,8
59,17,5,0,11,14,0,0,0,0,9
0,18,4,0,0,0,13,5,4,12,0
1,18,4,0,0,0,12,4,4,11,0
2,18,4,0,0,0,11,3,3,10,0
3,18,4,0,0,0,10,2,3,9,0
4,18,4,0,0,0,9,2,3,8,0
5,18,5,0,0,0,8,0,3,7,0
6,18,5,0,0,0,8,0,3,6,0
7,18,5,0,0,0,7,0,3,5,0
8,18,5,0,0,0,6,0,4,4,0
9,18,5,0,0,0,5,0,4,3,0
10,18,5,0,0,0,4,0,4,2,0
11,18,5,0,0,0,3,0,3,2,0
12,18,6,0,0,0,2,0,2,0,0
13,18,7,0,0,0,1,0,0,0,0
14,18,8,0,0,0,0,0,0,0,0
15,18,8,0,0,0,0,0,0,0,0
16,18,8,0,0,0,0,0,0,0,0
17,18,8,0,0,0,0,0,0,0,0
18,18,8,0,0,0,0,0,0,0,0
19,18,8,0,0,0,0,0,0,0,0
20,18,8,0,0,0,0,0,0,0,0
21,18,8,0,0,0,0,0,0,0,0
22,18,8,0,0,0,0,0,0,0,0
23,18,8,0,0,0,0,0,0,0,0
24,18,8,0,0,0,0,0,0,0,0
25,18,8,0,0,0,0,0,0,0,0
26,18,8,0,0,0,0,0,0,0,0
27,18,8,0,0,0,0,0,0,0,0
28,18,8,0,0,0,0,0,0,0,0
29,18,8,0,0,0,0,0,0,0,0
30,18,8,0,0,0,0,0,0,0,0
31,18,8,0,0,0,0,0,0,0,0
32,18,7,0,0,0,0,0,0,1,0
33,18,7,0,0,0,0,0,0,2,0
34,18,7,0,0,0,0,0,0,2,0
35,18,7,0,0,0,0,0,0,3,0
36,18,7,0,0,0,0,0,0,3,0
37,18,7,0,0,0,0,0,0,2,0
38,18,6,0,0,1,0,0,0,2,0
39,18,6,0,0,2,0,0,0,2,0
40,18,7,0,0,2,0,0,0,0,0
41,18,7,0,0,3,0,0,0,0,0
42,18,7,0,0,3,0,0,0,0,0
43,18,6,1,0,4,0,0,0,0,0
44,18,6,1,0,4,0,0,0,0,0
45,18,6,2,0,5,0,0,0,0,0
46,18,7,0,0,5,0,0,0,0,0
47,18,7,0,0,6,0,0,0,0,0
48,18,6,0,1,6,0,0,0,0,0
49,18,6,0,2,7,0,0,0,0,0
50,18,5,0,3,8,0,0,0,0,1
51,18,5,0,4,8,0,0,0,0,2
52,18,5,0,5,9,0,0,0,0,2
53,18,5,0,5,10,0,0,0,0,3
54,18,5,0,6,10,0,0,0,0,4
55,18,5,0,7,11,0,0,0,0,5
56,18,5,0,8,11,0,0,0,0,6
57,18,5,0,9,12,0,0,0,0,7
58,18,5,0,10,13,0,0,0,0,8
59,18,5,0,11,14,0,0,0,0,9
0,19,4,0,0,0,13,5,3,12,0
1,19,4,0,0,0,12,4,3,11,0
2,19,4,0,0,0,11,3,3,10,0
3,19,4,0,0,0,10,3,2,9,0
4,19,4,0,0,0,9,2,2,8,0
5,19,5,0,0,0,9,0,2,7,0
6,19,5,0,0,0,8,0,2,6,0
7,19,5,0,0,0,7,0,3,5,0
8,19,5,0,0,0,6,0,3,4,0
9,19,5,0,0,0,5,0,3,3,0
10,19,5,0,0,0,4,0,3,3,0
11,19,5,0,0,0,3,0,3,2,0
12,19,6,0,0,0,2,0,2,0,0
13,19,7,0,0,0,2,0,0,0,0
14,19,8,0,0,0,0,0,0,0,0
15,19,8,0,0,0,0,0,0,0,0
16,19,8,0,0,0,0,0,0,0,0
17,19,8,0,0,0,0,0,0,0,0
18,19,8,0,0,0,0,0,0,0,0
19,19,8,0,0,0,0,0,0,0,0
20,19,8,0,0,0,0,0,0,0,0
21,19,8,0,0,0,0,0,0,0,0
22,19,8,0,0,0,0,0,0,0,0
23,19,8,0,0,0,0,0,0,0,0
24,19,8,0,0,0,0,0,0,0,0
25,19,8,0,0,0,0,0,0,0,0
26,19,8,0,0,0,0,0,0,0,0
27,19,8,0,0,0,0,0,0,0,0
28,19,8,0,0,0,0,0,0,0,0
29,19,8,0,0,0,0,0,0,0,0
30,19,8,0,0,0,0,0,0,0,0
31,19,8,0,0,0,0,0,0,0,0
32,19,8,0,0,0,0,0,0,0,0
33,19,7,0,0,0,0,0,0,1,0
34,19,7,0,0,0,0,0,0,2,0
35,19,7,0,0,0,0,0,0,3,0
36,19,7,0,0,0,0,0,0,2,0
37,19,7,0,0,0,0,0,0,2,0
38,19,8,0,0,0,0,0,0,0,0
39,19,7,0,0,1,0,0,0,0,0
40,19,7,0,0,2,0,0,0,0,0
41,19,7,0,0,2,0,0,0,0,0
42,19,7,0,0,3,0,0,0,0,0
43,19,6,1,0,3,0,0,0,0,0
44,19,7,0,0,4,0,0,0,0,0
45,19,7,0,0,4,0,0,0,0,0
46,19,7,0,0,5,0,0,0,0,0
47,19,7,0,0,5,0,0,0,0,0
48,19,6,0,1,6,0,0,0,0,0
49,19,6,0,2,7,0,0,0,0,0
50,19,6,0,3,7,0,0,0,0,0
51,19,5,0,4,8,0,0,0,0,1
52,19,5,0,4,9,0,0,0,0,2
53,19,5,0,5,9,0,0,0,0,3
54,19,5,0,6,10,0,0,0,0,4
55,19,5,0,7,10,0,0,0,0,5
56,19,5,0,8,11,0,0,0,0,6
57,19,5,0,9,12,0,0,0,0,7
58,19,5,0,10,13,0,0,0,0,8
59,19,5,0,11,13,0,0,0,0,9
0,20,4,0,0,0,13,5,2,12,0
1,20,4,0,0,0,12,4,2,11,0
2,20,4,0,0,0,11,4,2,10,0
3,20,4,0,0,0,10,3,2,9,0
4,20,5,0,0,0,10,2,0,8,0
5,20,5,0,0,0,9,0,1,7,0
6,20,5,0,0,0,8,0,2,6,0
7,20,5,0,0,0,7,0,2,5,0
8,20,5,0,0,0,6,0,2,4,0
9,20,5,0,0,0,5,0,2,4,0
10,20,5,0,0,0,4,0,2,3,0
11,20,5,0,0,0,3,0,2,2,0
12,20,5,0,0,0,3,0,2,1,0
13,20,7,0,0,0,2,0,0,0,0
14,20,8,0,0,0,0,0,0,0,0
15,20,8,0,0,0,0,0,0,0,0
16,20,8,0,0,0,0,0,0,0,0
17,20,8,0,0,0,0,0,0,0,0
18,20,8,0,0,0,0,0,0,0,0
19,20,8,0,0,0,0,0,0,0,0
20,20,8,0,0,0,0,0,0,0,0
21,20,8,0,0,0,0,0,0,0,0
22,20,8,0,0,0,0,0,0,0,0
23,20,8,0,0,0,0,0,0,0,0
24,20,8,0,0,0,0,0,0,0,0
25,20,8,0,0,0,0,0,0,0,0
26,20,8,0,0,0,0,0,0,0,0
27,20,8,0,0,0,0,0,0,0,0
28,20,8,0,0,0,0,0,0,0,0
29,20,8,0,0,0,0,0,0,0,0
30,20,8,0,0,0,0,0,0,0,0
31,20,8,0,0,0,0,0,0,0,0
32,20,7,0,0,0,0,0,0,1,0
33,20,7,0,0,0,0,0,0,1,0
34,20,7,0,0,0,0,0,0,2,0
35,20,7,0,0,0,0,0,0,2,0
36,20,7,0,0,0,0,0,0,2,0
37,20,8,0,0,0,0,0,0,0,0
38,20,8,0,0,0,0,0,0,0,0
39,20,8,0,0,0,0,0,0,0,0
40,20,7,0,0,1,0,0,0,0,0
41,20,7,0,0,2,0,0,0,0,0
42,20,7,0,0,2,0,0,0,0,0
43,20,7,0,0,3,0,0,0,0,0
44,20,7,0,0,3,0,0,0,0,0
45,20,7,0,0,4,0,0,0,0,0
46,20,7,0,0,4,0,0,0,0,0
47,20,7,0,0,5,0,0,0,0,0
48,20,6,0,1,6,0,0,0,0,0
49,20,6,0,2,6,0,0,0,0,0
50,20,5,0,3,7,0,0,0,0,1
51,20,5,0,3,8,0,0,0,0,1
52,20,5,0,4,8,0,0,0,0,2
53,20,5,0,5,9,0,0,0,0,3
54,20,5,0,6,9,0,0,0,0,4
55,20,5,0,7,10,0,0,0,0,5
56,20,5,0,8,11,0,0,0,0,6
57,20,5,0,9,12,0,0,0,0,7
58,20,5,0,10,12,0,0,0,0,8
59,20,5,0,11,13,0,0,0,0,9
0,21,5,0,0,0,13,5,0,12,0
1,21,5,0,0,0,12,5,0,11,0
2,21,5,0,0,0,11,4,0,10,0
3,21,5,0,0,0,11,3,0,9,0
4,21,5,0,0,0,10,2,0,8,0
5,21,6,0,0,0,9,0,0,7,0
6,21,6,0,0,0,8,0,0,6,0
7,21,6,0,0,0,7,0,0,5,0
8,21,6,0,0,0,6,0,0,5,0
9,21,6,0,0,0,5,0,0,4,0
10,21,5,0,0,0,4,0,1,3,0
11,21,5,0,0,0,4,0,2,2,0
12,21,6,0,0,0,3,0,0,2,0
13,21,6,0,0,0,2,0,0,1,0
14,21,6,0,0,0,1,0,0,1,0
15,21,8,0,0,0,0,0,0,0,0
16,21,8,0,0,0,0,0,0,0,0
17,21,8,0,0,0,0,0,0,0,0
18,21,8,0,0,0,0,0,0,0,0
19,21,8,0,0,0,0,0,0,0,0
20,21,8,0,0,0,0,0,0,0,0
21,21,8,0,0,0,0,0,0,0,0
22,21,8,0,0,0,0,0,0,0,0
23,21,8,0,0,0,0,0,0,0,0
24,21,8,0,0,0,0,0,0,0,0
25,21,8,0,0,0,0,0,0,0,0
26,21,8,0,0,0,0,0,0,0,0
27,21,8,0,0,0,0,0,0,0,0
28,21,8,0,0,0,0,0,0,0,0
29,21,8,0,0,0,0,0,0,0,0
30,21,8,0,0,0,0,0,0,0,0
31,21,8,0,0,0,0,0,0,0,0
32,21,7,0,0,0,0,0,0,1,0
33,21,7,0,0,0,0,0,0,2,0
34,21,7,0,0,0,0,0,0,2,0
35,21,7,0,0,0,0,0,0,2,0
36,21,8,0,0,0,0,0,0,0,0
37,21,8,0,0,0,0,0,0,0,0
38,21,8,0,0,0,0,0,0,0,0
39,21,8,0,0,0,0,0,0,0,0
40,21,8,0,0,0,0,0,0,0,0
41,21,7,0,0,1,0,0,0,0,0
42,21,7,0,0,2,0,0,0,0,0
43,21,7,0,0,2,0,0,0,0,0
44,21,7,0,0,3,0,0,0,0,0
45,21,7,0,0,3,0,0,0,0,0
46,21,7,0,0,4,0,0,0,0,0
47,21,7,0,0,5,0,0,0,0,0
48,21,6,0,1,5,0,0,0,0,0
49,21,6,0,2,6,0,0,0,0,0
50,21,5,0,2,7,0,0,0,0,1
51,21,5,0,3,7,0,0,0,0,2
52,21,5,0,4,8,0,0,0,0,2
53,21,5,0,5,8,0,0,0,0,3
54,21,5,0,6,9,0,0,0,0,4
55,21,5,0,7,10,0,0,0,0,5
56,21,5,0,8,11,0,0,0,0,6
57,21,5,0,9,11,0,0,0,0,7
58,21,5,0,10,12,0,0,0,0,8
59,21,5,0,11,13,0,0,0,0,9
0,22,5,0,0,0,13,6,0,12,0
1,22,5,0,0,0,12,5,0,11,0
2,22,5,0,0,0,12,4,0,10,0
3,22,5,0,0,0,11,3,0,9,0
4,22,5,0,0,0,10,2,0,8,0
5,22,6,0,0,0,9,0,0,7,0
6,22,6,0,0,0,8,0,0,6,0
7,22,6,0,0,0,7,0,0,6,0
8,22,6,0,0,0,6,0,0,5,0
9,22,6,0,0,0,5,0,0,4,0
10,22,6,0,0,0,5,0,0,3,0
11,22,6,0,0,0,4,0,0,3,0
12,22,5,0,0,0,3,0,1,2,0
13,22,6,0,0,0,2,0,0,2,0
14,22,6,0,0,0,2,0,0,2,0
15,22,8,0,0,0,0,0,0,0,0
16,22,8,0,0,0,0,0,0,0,0
17,22,8,0,0,0,0,0,0,0,0
18,22,8,0,0,0,0,0,0,0,0
19,22,8,0,0,0,0,0,0,0,0
20,22,8,0,0,0,0,0,0,0,0
21,22,8,0,0,0,0,0,0,0,0
22,22,8,0,0,0,0,0,0,0,0
23,22,8,0,0,0,0,0,0,0,0
24,22,8,0,0,0,0,0,0,0,0
25,22,8,0,0,0,0,0,0,0,0
26,22,8,0,0,0,0,0,0,0,0
27,22,8,0,0,0,0,0,0,0,0
28,22,8,0,0,0,0,0,0,0,0
29,22,8,0,0,0,0,0,0,0,0
30,22,8,0,0,0,0,0,0,0,0
31,22,8,0,0,0,0,0,0,0,0
32,22,7,0,0,0,0,0,0,1,0
33,22,7,0,0,0,0,0,0,2,0
34,22,8,0,0,0,0,0,0,0,0
35,22,8,0,0,0,0,0,0,0,0
36,22,8,0,0,0,0,0,0,0,0
37,22,8,0,0,0,0,0,0,0,0
38,22,8,0,0,0,0,0,0,0,0
39,22,8,0,0,0,0,0,0,0,0
40,22,8,0,0,0,0,0,0,0,0
41,22,8,0,0,0,0,0,0,0,0
42,22,7,0,0,1,0,0,0,0,0
43,22,7,0,0,2,0,0,0,0,0
44,22,7,0,0,2,0,0,0,0,0
45,22,7,0,0,3,0,0,0,0,0
46,22,7,0,0,4,0,0,0,0,0
47,22,7,0,0,4,0,0,0,0,0
48,22,7,0,0,5,0,0,0,0,0
49,22,6,0,1,6,0,0,0,0,0
50,22,5,0,2,6,0,0,0,0,1
51,22,5,0,3,7,0,0,0,0,2
52,22,5,0,4,7,0,0,0,0,3
53,22,5,0,5,8,0,0,0,0,3
54,22,5,0,6,9,0,0,0,0,4
55,22,5,0,7,10,0,0,0,0,5
56,22,5,0,8,10,0,0,0,0,6
57,22,5,0,9,11,0,0,0,0,7
58,22,5,0,10,12,0,0,0,0,8
59,22,5,0,11,13,0,0,0,0,9
0,23,5,0,0,0,13,6,0,12,0
1,23,5,0,0,0,13,5,0,11,0
2,23,5,0,0,0,12,4,0,10,0
3,23,5,0,0,0,11,3,0,9,0
4,23,5,0,0,0,10,2,0,8,0
5,23,6,0,0,0,9,0,0,7,0
6,23,6,0,0,0,8,0,0,7,0
7,23,6,0,0,0,7,0,0,6,0
8,23,6,0,0,0,6,0,0,5,0
9,23,6,0,0,0,6,0,0,4,0
10,23,6,0,0,0,5,0,0,4,0
11,23,6,0,0,0,4,0,0,3,0
12,23,6,0,0,0,3,0,0,3,0
13,23,6,0,0,0,3,0,0,3,0
14,23,6,0,0,0,2,0,0,2,0
15,23,7,0,0,0,1,0,0,0,0
16,23,8,0,0,0,0,0,0,0,0
17,23,8,0,0,0,0,0,0,0,0
18,23,8,0,0,0,0,0,0,0,0
19,23,8,0,0,0,0,0,0,0,0
20,23,8,0,0,0,0,0,0,0,0
21,23,8,0,0,0,0,0,0,0,0
22,23,8,0,0,0,0,0,0,0,0
23,23,8,0,0,0,0,0,0,0,0
24,23,8,0,0,0,0,0,0,0,0
25,23,8,0,0,0,0,0,0,0,0
26,23,8,0,0,0,0,0,0,0,0
27,23,8,0,0,0,0,0,0,0,0
28,23,8,0,0,0,0,0,0,0,0
29,23,8,0,0,0,0,0,0,0,0
30,23,8,0,0,0,0,0,0,0,0
31,23,8,0,0,0,0,0,0,0,0
32,23,7,0,0,0,0,0,0,1,0
33,23,8,0,0,0,0,0,0,0,0
34,23,8,0,0,0,0,0,0,0,0
35,23,8,0,0,0,0,0,0,0,0
36,23,8,0,0,0,0,0,0,0,0
37,23,8,0,0,0,0,0,0,0,0
38,23,8,0,0,0,0,0,0,0,0
39,23,8,0,0,0,0,0,0,0,0
40,23,8,0,0,0,0,0,0,0,0
41,23,8,0,0,0,0,0,0,0,0
42,23,8,0,0,0,0,0,0,0,0
43,23,7,0,0,1,0,0,0,0,0
44,23,7,0,0,2,0,0,0,0,0
45,23,7,0,0,3,0,0,0,0,0
46,23,7,0,0,3,0,0,0,0,0
47,23,7,0,0,4,0,0,0,0,0
48,23,6,0,1,5,0,0,0,0,0
49,23,6,0,1,5,0,0,0,0,0
50,23,5,0,2,6,0,0,0,0,1
51,23,5,0,3,6,0,0,0,0,2
52,23,5,0,4,7,0,0,0,0,3
53,23,5,0,5,8,0,0,0,0,4
54,23,5,0,6,9,0,0,0,0,4
55,23,5,0,7,9,0,0,0,0,5
56,23,5,0,8,10,0,0,0,0,6
57,23,5,0,9,11,0,0,0,0,7
58,23,5,0,10,12,0,0,0,0,8
59,23,5,0,11,12,0,0,0,0,9
0,24,5,0,0,0,12,6,0,12,0
1,24,5,0,0,0,12,5,0,11,0
2,24,5,0,0,0,12,4,0,10,0
3,24,5,0,0,0,11,3,0,9,0
4,24,5,0,0,0,10,2,0,8,0
5,24,5,0,0,0,9,1,0,8,0
6,24,6,0,0,0,8,0,0,7,0
7,24,6,0,0,0,7,0,0,6,0
8,24,6,0,0,0,7,0,0,5,0
9,24,6,0,0,0,6,0,0,5,0
10,24,6,0,0,0,5,0,0,4,0
11,24,6,0,0,0,4,0,0,4,0
12,24,6,0,0,0,4,0,0,4,0
13,24,6,0,0,0,3,0,0,3,0
14,24,6,0,0,0,2,0,0,2,0
15,24,6,0,0,0,2,0,0,1,0
16,24,8,0,0,0,0,0,0,0,0
17,24,8,0,0,0,0,0,0,0,0
18,24,8,0,0,0,0,0,0,0,0
19,24,8,0,0,0,0,0,0,0,0
20,24,8,0,0,0,0,0,0,0,0
21,24,8,0,0,0,0,0,0,0,0
22,24,8,0,0,0,0,0,0,0,0
23,24,8,0,0,0,0,0,0,0,0
24,24,8,0,0,0,0,0,0,0,0
25,24,8,0,0,0,0,0,0,0,0
26,24,8,0,0,0,0,0,0,0,0
27,24,8,0,0,0,0,0,0,0,0
28,24,8,0,0,0,0,0,0,0,0
29,24,8,0,0,0,0,0,0,0,0
30,24,8,0,0,0,0,0,0,0,0
31,24,7,0,0,0,0,0,0,1,0
32,24,7,0,0,0,0,0,0,1,0
33,24,8,0,0,0,0,0,0,0,0
34,24,8,0,0,0,0,0,0,0,0
35,24,8,0,0,0,0,0,0,0,0
36,24,8,0,0,0,0,0,0,0,0
37,24,8,0,0,0,0,0,0,0,0
38,24,8,0,0,0,0,0,0,0,0
39,24,8,0,0,0,0,0,0,0,0
40,24,8,0,0,0,0,0,0,0,0
41,24,8,0,0,0,0,0,0,0,0
42,24,8,0,0,0,0,0,0,0,0
43,24,7,0,0,1,0,0,0,0,0
44,24,7,0,0,2,0,0,0,0,0
45,24,7,0,0,2,0,0,0,0,0
46,24,7,0,0,3,0,0,0,0,0
47,24,7,0,0,4,0,0,0,0,0
48,24,6,0,1,4,0,0,0,0,0
49,24,6,0,2,5,0,0,0,0,0
50,24,5,0,2,5,0,0,0,0,1
51,24,5,0,3,6,0,0,0,0,2
52,24,5,0,4,7,0,0,0,0,3
53,24,5,0,5,8,0,0,0,0,4
54,24,5,0,6,8,0,0,0,0,5
55,24,5,0,7,9,0,0,0,0,5
56,24,5,0,8,10,0,0,0,0,6
57,24,5,0,9,11,0,0,0,0,7
58,24,5,0,10,11,0,0,0,0,8
59,24,5,0,11,12,0,0,0,0,9
0,25,5,0,0,0,12,6,0,12,0
1,25,5,0,0,0,11,5,0,11,0
2,25,5,0,0,0,11,4,0,10,0
3,25,5,0,0,0,11,3,0,9,0
4,25,5,0,0,0,10,2,0,9,0
5,25,5,0,0,0,9,2,0,8,0
6,25,6,0,0,0,8,0,0,7,0
7,25,6,0,0,0,8,0,0,6,0
8,25,6,0,0,0,7,0,0,6,0
9,25,6,0,0,0,6,0,0,5,0
10,25,6,0,0,0,5,0,0,5,0
11,25,6,0,0,0,5,0,0,5,0
12,25,6,0,0,0,4,0,0,4,0
13,25,6,0,0,0,3,0,0,3,0
14,25,6,0,0,0,3,0,0,2,0
15,25,6,0,0,0,2,0,0,2,0
16,25,6,0,0,0,1,0,0,1,0
17,25,8,0,0,0,0,0,0,0,0
18,25,8,0,0,0,0,0,0,0,0
19,25,8,0,0,0,0,0,0,0,0
20,25,8,0,0,0,0,0,0,0,0
21,25,8,0,0,0,0,0,0,0,0
22,25,8,0,0,0,0,0,0,0,0
23,25,8,0,0,0,0,0,0,0,0
24,25,8,0,0,0,0,0,0,0,0
25,25,8,0,0,0,0,0,0,0,0
26,25,8,0,0,0,0,0,0,0,0
27,25,8,0,0,0,0,0,0,0,0
28,25,8,0,0,0,0,0,0,0,0
29,25,8,0,0,0,0,0,0,0,0
30,25,7,0,0,0,0,0,0,1,0
31,25,7,0,0,0,0,0,0,1,0
32,25,8,0,0,0,0,0,0,0,0
33,25,8,0,0,0,0,0,0,0,0
34,25,8,0,0,0,0,0,0,0,0
35,25,8,0,0,0,0,0,0,0,0
36,25,8,0,0,0,0,0,0,0,0
37,25,8,0,0,0,0,0,0,0,0
38,25,8,0,0,0,0,0,0,0,0
39,25,8,0,0,0,0,0,0,0,0
40,25,8,0,0,0,0,0,0,0,0
41,25,8,0,0,0,0,0,0,0,0
42,25,8,0,0,0,0,0,0,0,0
43,25,8,0,0,0,0,0,0,0,0
44,25,7,0,0,1,0,0,0,0,0
45,25,7,0,0,2,0,0,0,0,0
46,25,7,0,0,3,0,0,0,0,0
47,25,7,0,0,3,0,0,0,0,0
48,25,6,0,1,4,0,0,0,0,0
49,25,6,0,2,4,0,0,0,0,0
50,25,5,0,3,5,0,0,0,0,1
51,25,5,0,3,6,0,0,0,0,2
52,25,5,0,4,7,0,0,0,0,3
53,25,5,0,5,7,0,0,0,0,4
54,25,5,0,6,8,0,0,0,0,5
55,25,5,0,7,9,0,0,0,0,6
56,25,5,0,8,10,0,0,0,0,6
57,25,5,0,9,10,0,0,0,0,7
58,25,5,0,10,11,0,0,0,0,8
59,25,5,0,11,12,0,0,0,0,9
0,26,5,0,0,0,11,6,0,12,0
1,26,5,0,0,0,11,5,0,11,0
2,26,5,0,0,0,10,4,0,10,0
3,26,5,0,0,0,10,3,0,10,0
4,26,5,0,0,0,10,3,0,9,0
5,26,5,0,0,0,9,2,0,8,0
6,26,6,0,0,0,9,0,0,7,0
7,26,6,0,0,0,8,0,0,7,0
8,26,6,0,0,0,7,0,0,6,0
9,26,6,0,0,0,6,0,0,6,0
10,26,6,0,0,0,6,0,0,6,0
11,26,6,0,0,0,5,0,0,5,0
12,26,6,0,0,0,4,0,0,4,0
13,26,6,0,0,0,4,0,0,3,0
14,26,6,0,0,0,3,0,0,3,0
15,26,6,0,0,0,2,0,0,2,0
16,26,6,0,0,0,2,0,0,2,0
17,26,7,0,0,0,0,0,0,1,0
18,26,8,0,0,0,0,0,0,0,0
19,26,8,0,0,0,0,0,0,0,0
20,26,8,0,0,0,0,0,0,0,0
21,26,8,0,0,0,0,0,0,0,0
22,26,8,0,0,0,0,0,0,0,0
23,26,8,0,0,0,0,0,0,0,0
24,26,8,0,0,0,0,0,0,0,0
25,26,8,0,0,0,0,0,0,0,0
26,26,8,0,0,0,0,0,0,0,0
27,26,8,0,0,0,0,0,0,0,0
28,26,8,0,0,0,0,0,0,0,0
29,26,7,0,0,0,0,0,0,1,0
30,26,7,0,0,0,0,0,0,1,0
31,26,8,0,0,0,0,0,0,0,0
32,26,8,0,0,0,0,0,0,0,0
33,26,8,0,0,0,0,0,0,0,0
34,26,8,0,0,0,0,0,0,0,0
35,26,8,0,0,0,0,0,0,0,0
36,26,8,0,0,0,0,0,0,0,0
37,26,8,0,0,0,0,0,0,0,0
38,26,8,0,0,0,0,0,0,0,0
39,26,8,0,0,0,0,0,0,0,0
40,26,8,0,0,0,0,0,0,0,0
41,26,8,0,0,0,0,0,0,0,0
42,26,8,0,0,0,0,0,0,0,0
43,26,8,0,0,0,0,0,0,0,0
44,26,7,0,0,1,0,0,0,0,0
45,26,7,0,0,2,0,0,0,0,0
46,26,7,0,0,2,0,0,0,0,0
47,26,7,0,0,3,0,0,0,0,0
48,26,6,0,1,3,0,0,0,0,0
49,26,5,0,2,4,0,0,0,0,1
50,26,5,0,3,5,0,0,0,0,1
51,26,5,0,4,6,0,0,0,0,2
52,26,5,0,4,6,0,0,0,0,3
53,26,5,0,5,7,0,0,0,0,4
54,26,5,0,6,8,0,0,0,0,5
55,26,5,0,7,9,0,0,0,0,6
56,26,4,0,8,9,0,0,1,0,7
57,26,4,0,9,10,0,0,1,0,7
58,26,4,0,10,11,0,0,1,0,8
59,26,4,0,11,12,0,0,1,0,9
0,27,5,0,0,0,11,6,0,12,0
1,27,5,0,0,0,10,5,0,11,0
2,27,5,0,0,0,10,4,0,11,0
3,27,5,0,0,0,9,4,0,10,0
4,27,5,0,0,0,9,3,0,9,0
5,27,5,0,0,0,9,2,0,8,0
6,27,6,0,0,0,8,0,0,8,0
7,27,6,0,0,0,8,0,0,7,0
8,27,6,0,0,0,7,0,0,7,0
9,27,6,0,0,0,7,0,0,7,0
10,27,6,0,0,0,6,0,0,6,0
11,27,6,0,0,0,5,0,0,5,0
12,27,6,0,0,0,5,0,0,4,0
13,27,6,0,0,0,4,0,0,4,0
14,27,6,0,0,0,3,0,0,3,0
15,27,6,0,0,0,3,0,0,3,0
16,27,6,0,0,0,2,0,0,2,0
17,27,6,0,0,0,1,0,0,2,0
18,27,7,0,0,0,0,0,0,1,0
19,27,8,0,0,0,0,0,0,0,0
20,27,8,0,0,0,0,0,0,0,0
21,27,8,0,0,0,0,0,0,0,0
22,27,8,0,0,0,0,0,0,0,0
23,27,8,0,0,0,0,0,0,0,0
24,27,8,0,0,0,0,0,0,0,0
25,27,8,0,0,0,0,0,0,0,0
26,27,8,0,0,0,0,0,0,0,0
27,27,8,0,0,0,0,0,0,0,0
28,27,7,0,0,0,0,0,0,1,0
29,27,7,0,0,0,0,0,0,1,0
30,27,8,0,0,0,0,0,0,0,0
31,27,8,0,0,0,0,0,0,0,0
32,27,8,0,0,0,0,0,0,0,0
33,27,8,0,0,0,0,0,0,0,0
34,27,8,0,0,0,0,0,0,0,0
35,27,8,0,0,0,0,0,0,0,0
36,27,8,0,0,0,0,0,0,0,0
37,27,8,0,0,0,0,0,0,0,0
38,27,8,0,0,0,0,0,0,0,0
39,27,8,0,0,0,0,0,0,0,0
40,27,8,0,0,0,0,0,0,0,0
41,27,8,0,0,0,0,0,0,0,0
42,27,8,0,0,0,0,0,0,0,0
43,27,8,0,0,0,0,0,0,0,0
44,27,8,0,0,0,0,0,0,0,0
45,27,7,0,0,1,0,0,0,0,0
46,27,7,0,0,2,0,0,0,0,0
47,27,7,0,0,2,0,0,0,0,0
48,27,6,0,1,3,0,0,0,0,0
49,27,5,0,2,4,0,0,0,0,1
50,27,5,0,3,5,0,0,0,0,2
51,27,5,0,4,5,0,0,0,0,2
52,27,5,0,5,6,0,0,0,0,3
53,27,5,0,5,7,0,0,0,0,4
54,27,5,0,6,8,0,0,0,0,5
55,27,5,0,7,8,0,0,0,0,6
56,27,5,0,8,9,0,0,0,0,7
57,27,4,0,9,10,0,0,1,0,8
58,27,4,0,10,11,0,0,2,0,8
59,27,4,0,11,12,0,0,2,0,8
0,28,5,0,0,0,10,6,0,12,0
1,28,5,0,0,0,10,5,0,12,0
2,28,5,0,0,0,9,5,0,11,0
3,28,5,0,0,0,9,4,0,10,0
4,28,5,0,0,0,8,3,0,9,0
5,28,5,0,0,0,8,2,0,9,0
6,28,5,0,0,0,8,1,0,8,0
7,28,6,0,0,0,7,0,0,8,0
8,28,6,0,0,0,7,0,0,8,0
9,28,6,0,0,0,6,0,0,7,0
10,28,6,0,0,0,6,0,0,6,0
11,28,6,0,0,0,6,0,0,5,0
12,28,6,0,0,0,5,0,0,5,0
13,28,6,0,0,0,4,0,0,4,0
14,28,6,0,0,0,4,0,0,4,0
15,28,6,0,0,0,3,0,0,3,0
16,28,6,0,0,0,2,0,0,3,0
17,28,6,0,0,0,2,0,0,2,0
18,28,6,0,0,0,1,0,0,2,0
19,28,7,0,0,0,0,0,0,1,0
20,28,7,0,0,0,0,0,0,1,0
21,28,7,0,0,0,0,0,0,1,0
22,28,7,0,0,0,0,0,0,1,0
23,28,8,0,0,0,0,0,0,0,0
24,28,7,0,0,0,0,0,0,1,0
25,28,7,0,0,0,0,0,0,1,0
26,28,7,0,0,0,0,0,0,1,0
27,28,7,0,0,0,0,0,0,1,0
28,28,7,0,0,0,0,0,0,1,0
29,28,7,0,0,0,0,0,0,2,0
30,28,8,0,0,0,0,0,0,0,0
31,28,8,0,0,0,0,0,0,0,0
32,28,8,0,0,0,0,0,0,0,0
33,28,8,0,0,0,0,0,0,0,0
34,28,8,0,0,0,0,0,0,0,0
35,28,8,0,0,0,0,0,0,0,0
36,28,8,0,0,0,0,0,0,0,0
37,28,8,0,0,0,0,0,0,0,0
38,28,8,0,0,0,0,0,0,0,0
39,28,8,0,0,0,0,0,0,0,0
40,28,8,0,0,0,0,0,0,0,0
41,28,8,0,0,0,0,0,0,0,0
42,28,8,0,0,0,0,0,0,0,0
43,28,8,0,0,0,0,0,0,0,0
44,28,8,0,0,0,0,0,0,0,0
45,28,8,0,0,0,0,0,0,0,0
46,28,7,0,0,1,0,0,0,0,0
47,28,7,0,0,2,0,0,0,0,0
48,28,6,0,1,3,0,0,0,0,0
49,28,5,0,2,4,0,0,0,0,1
50,28,5,0,3,4,0,0,0,0,2
51,28,5,0,4,5,0,0,0,0,3
52,28,5,0,5,6,0,0,0,0,3
53,28,5,0,6,7,0,0,0,0,4
54,28,5,0,6,7,0,0,0,0,5
55,28,5,0,7,8,0,0,0,0,6
56,28,5,0,8,9,0,0,0,0,7
57,28,4,0,9,10,0,0,1,0,7
58,28,4,0,10,11,0,0,2,0,7
59,28,4,0,11,12,0,0,2,0,7
0,29,5,0,0,0,10,6,0,13,0
1,29,5,0,0,0,9,5,0,12,0
2,29,5,0,0,0,9,4,0,11,0
3,29,5,0,0,0,8,4,0,10,0
4,29,5,0,0,0,8,3,0,10,0
5,29,5,0,0,0,7,2,0,9,0
6,29,5,0,0,0,7,2,0,9,0
7,29,6,0,0,0,7,0,0,9,0
8,29,6,0,0,0,6,0,0,8,0
9,29,6,0,0,0,6,0,0,7,0
10,29,6,0,0,0,5,0,0,6,0
11,29,6,0,0,0,5,0,0,6,0
12,29,6,0,0,0,5,0,0,5,0
13,29,6,0,0,0,5,0,0,5,0
14,29,6,0,0,0,4,0,0,4,0
15,29,6,0,0,0,3,0,0,4,0
16,29,6,0,0,0,3,0,0,3,0
17,29,6,0,0,0,2,0,0,3,0
18,29,6,0,0,0,2,0,0,2,0
19,29,6,0,0,0,1,0,0,2,0
20,29,7,0,0,0,0,0,0,2,0
21,29,7,0,0,0,0,0,0,2,0
22,29,7,0,0,0,0,0,0,2,0
23,29,7,0,0,0,0,0,0,1,0
24,29,7,0,0,0,0,0,0,1,0
25,29,7,0,0,0,0,0,0,2,0
26,29,7,0,0,0,0,0,0,2,0
27,29,7,0,0,0,0,0,0,2,0
28,29,7,0,0,0,0,0,0,2,0
29,29,8,0,0,0,0,0,0,0,0
30,29,8,0,0,0,0,0,0,0,0
31,29,8,0,0,0,0,0,0,0,0
32,29,8,0,0,0,0,0,0,0,0
33,29,8,0,0,0,0,0,0,0,0
34,29,8,0,0,0,0,0,0,0,0
35,29,8,0,0,0,0,0,0,0,0
36,29,8,0,0,0,0,0,0,0,0
37,29,8,0,0,0,0,0,0,0,0
38,29,8,0,0,0,0,0,0,0,0
39,29,8,0,0,0,0,0,0,0,0
40,29,8,0,0,0,0,0,0,0,0
41,29,8,0,0,0,0,0,0,0,0
42,29,8,0,0,0,0,0,0,0,0
43,29,8,0,0,0,0,0,0,0,0
44,29,8,0,0,0,0,0,0,0,0
45,29,8,0,0,0,0,0,0,0,0
46,29,7,0,0,1,0,0,0,0,0
47,29,7,0,0,2,0,0,0,0,0
48,29,5,0,1,3,0,0,0,0,1
49,29,5,0,2,3,0,0,0,0,1
50,29,5,0,3,4,0,0,0,0,2
51,29,5,0,4,5,0,0,0,0,3
52,29,5,0,5,6,0,0,0,0,4
53,29,5,0,6,6,0,0,0,0,4
54,29,5,0,7,7,0,0,0,0,5
55,29,5,0,7,8,0,0,0,0,6
56,29,5,0,8,9,0,0,0,0,6
57,29,5,0,9,10,0,0,0,0,6
58,29,4,0,10,11,0,0,1,0,6
59,29,4,0,11,12,0,0,2,0,6
0,30,5,0,0,0,10,5,0,13,0
1,30,5,0,0,0,9,5,0,12,0
2,30,5,0,0,0,8,4,0,11,0
3,30,5,0,0,0,8,3,0,11,0
4,30,5,0,0,0,7,3,0,10,0
5,30,5,0,0,0,7,2,0,10,0
6,30,6,0,0,0,6,0,0,10,0
7,30,6,0,0,0,6,0,0,9,0
8,30,6,0,0,0,6,0,0,8,0
9,30,6,0,0,0,5,0,0,7,0
10,30,6,0,0,0,5,0,0,7,0
11,30,6,0,0,0,4,0,0,6,0
12,30,6,0,0,0,4,0,0,6,0
13,30,6,0,0,0,4,0,0,5,0
14,30,6,0,0,0,4,0,0,5,0
15,30,6,0,0,0,4,0,0,4,0
16,30,6,0,0,0,3,0,0,4,0
17,30,6,0,0,0,3,0,0,3,0
18,30,6,0,0,0,2,0,0,3,0
19,30,6,0,0,0,2,0,0,3,0
20,30,7,0,0,0,0,0,0,3,0
21,30,7,0,0,0,0,0,0,3,0
22,30,7,0,0,0,0,0,0,2,0
23,30,7,0,0,0,0,0,0,2,0
24,30,7,0,0,0,0,0,0,2,0
25,30,7,0,0,0,0,0,0,2,0
26,30,7,0,0,0,0,0,0,2,0
27,30,7,0,0,0,0,0,0,2,0
28,30,8,0,0,0,0,0,0,0,0
29,30,8,0,0,0,0,0,0,0,0
30,30,8,0,0,0,0,0,0,0,0
31,30,8,0,0,0,0,0,0,0,0
32,30,8,0,0,0,0,0,0,0,0
33,30,8,0,0,0,0,0,0,0,0
34,30,8,0,0,0,0,0,0,0,0
35,30,8,0,0,0,0,0,0,0,0
36,30,8,0,0,0,0,0,0,0,0
37,30,8,0,0,0,0,0,0,0,0
38,30,8,0,0,0,0,0,0,0,0
39,30,8,0,0,0,0,0,0,0,0
40,30,8,0,0,0,0,0,0,0,0
41,30,8,0,0,0,0,0,0,0,0
42,30,8,0,0,0,0,0,0,0,0
43,30,8,0,0,0,0,0,0,0,0
44,30,8,0,0,0,0,0,0,0,0
45,30,8,0,0,0,0,0,0,0,0
46,30,7,0,0,1,0,0,0,0,0
47,30,7,0,0,2,0,0,0,0,0
48,30,5,0,1,2,0,0,0,0,1
49,30,5,0,2,3,0,0,0,0,2
50,30,5,0,3,4,0,0,0,0,2
51,30,5,0,4,5,0,0,0,0,3
52,30,5,0,5,5,0,0,0,0,4
53,30,5,0,6,6,0,0,0,0,5
54,30,5,0,7,7,0,0,0,0,5
55,30,5,0,8,8,0,0,0,0,5
56,30,5,0,8,9,0,0,0,0,5
57,30,5,0,9,10,0,0,0,0,5
58,30,4,0,10,11,0,0,1,0,5
59,30,4,0,11,12,0,0,2,0,6
0,31,5,0,0,0,9,5,0,13,0
1,31,5,0,0,0,9,4,0,12,0
2,31,5,0,0,0,8,4,0,12,0
3,31,5,0,0,0,7,3,0,11,0
4,31,5,0,0,0,7,2,0,11,0
5,31,5,0,0,0,6,2,0,11,0
6,31,6,0,0,0,6,0,0,10,0
7,31,6,0,0,0,5,0,0,9,0
8,31,6,0,0,0,5,0,0,8,0
9,31,6,0,0,0,5,0,0,8,0
10,31,6,0,0,0,4,0,0,7,0
11,31,6,0,0,0,4,0,0,7,0
12,31,6,0,0,0,3,0,0,6,0
13,31,6,0,0,0,3,0,0,6,0
14,31,6,0,0,0,3,0,0,5,0
15,31,6,0,0,0,3,0,0,5,0
16,31,6,0,0,0,3,0,0,4,0
17,31,6,0,0,0,3,0,0,4,0
18,31,6,0,0,0,2,0,0,4,0
19,31,6,0,0,0,2,0,0,4,0
20,31,6,0,0,0,1,0,0,4,0
21,31,7,0,0,0,0,0,0,3,0
22,31,7,0,0,0,0,0,0,3,0
23,31,7,0,0,0,0,0,0,3,0
24,31,7,0,0,0,0,0,0,3,0
25,31,7,0,0,0,0,0,0,3,0
26,31,7,0,0,0,0,0,0,2,0
27,31,8,0,0,0,0,0,0,0,0
28,31,8,0,0,0,0,0,0,0,0
29,31,8,0,0,0,0,0,0,0,0
30,31,8,0,0,0,0,0,0,0,0
31,31,8,0,0,0,0,0,0,0,0
32,31,8,0,0,0,0,0,0,0,0
33,31,8,0,0,0,0,0,0,0,0
34,31,8,0,0,0,0,0,0,0,0
35,31,8,0,0,0,0,0,0,0,0
36,31,8,0,0,0,0,0,0,0,0
37,31,8,0,0,0,0,0,0,0,0
38,31,8,0,0,0,0,0,0,0,0
39,31,8,0,0,0,0,0,0,0,0
40,31,8,0,0,0,0,0,0,0,0
41,31,8,0,0,0,0,0,0,0,0
42,31,8,0,0,0,0,0,0,0,0
43,31,8,0,0,0,0,0,0,0,0
44,31,8,0,0,0,0,0,0,0,0
45,31,8,0,0,0,0,0,0,0,0
46,31,8,0,0,0,0,0,0,0,0
47,31,5,0,1,1,0,0,0,0,1
48,31,5,0,1,2,0,0,0,0,1
49,31,5,0,2,3,0,0,0,0,2
50,31,5,0,3,4,0,0,0,0,3
51,31,5,0,4,4,0,0,0,0,3
52,31,5,0,5,5,0,0,0,0,4
53,31,5,0,6,6,0,0,0,0,4
54,31,5,0,7,7,0,0,0,0,4
55,31,5,0,8,8,0,0,0,0,4
56,31,5,0,9,9,0,0,0,0,4
57,31,5,0,9,10,0,0,0,0,4
58,31,4,0,10,11,0,0,1,0,5
59,31,4,0,11,11,0,0,2,0,5
0,32,5,0,0,0,9,5,0,13,0
1,32,5,0,0,0,8,4,0,13,0
2,32,5,0,0,0,8,3,0,12,0
3,32,5,0,0,0,7,3,0,12,0
4,32,5,0,0,0,6,2,0,12,0
5,32,6,0,0,0,6,0,0,11,0
6,32,6,0,0,0,5,0,0,10,0
7,32,6,0,0,0,5,0,0,9,0
8,32,6,0,0,0,4,0,0,9,0
9,32,6,0,0,0,4,0,0,8,0
10,32,6,0,0,0,4,0,0,8,0
11,32,6,0,0,0,3,0,0,7,0
12,32,6,0,0,0,3,0,0,7,0
13,32,6,0,0,0,2,0,0,6,0
14,32,6,0,0,0,2,0,0,6,0
15,32,6,0,0,0,2,0,0,5,0
16,32,6,0,0,0,2,0,0,5,0
17,32,6,0,0,0,2,0,0,5,0
18,32,6,0,0,0,2,0,0,5,0
19,32,7,0,0,0,0,0,0,5,0
20,32,6,0,0,0,1,0,0,4,0
21,32,6,0,0,0,1,0,0,4,0
22,32,6,0,0,0,1,0,0,4,0
23,32,7,0,0,0,0,0,0,4,0
24,32,7,0,0,0,0,0,0,3,0
25,32,7,0,0,0,0,0,0,2,0
26,32,7,0,0,0,0,0,0,2,0
27,32,8,0,0,0,0,0,0,0,0
28,32,8,0,0,0,0,0,0,0,0
29,32,8,0,0,0,0,0,0,0,0
30,32,8,0,0,0,0,0,0,0,0
31,32,8,0,0,0,0,0,0,0,0
32,32,8,0,0,0,0,0,0,0,0
33,32,8,0,0,0,0,0,0,0,0
34,32,8,0,0,0,0,0,0,0,0
35,32,8,0,0,0,0,0,0,0,0
36,32,8,0,0,0,0,0,0,0,0
37,32,8,0,0,0,0,0,0,0,0
38,32,8,0,0,0,0,0,0,0,0
39,32,8,0,0,0,0,0,0,0,0
40,32,8,0,0,0,0,0,0,0,0
41,32,8,0,0,0,0,0,0,0,0
42,32,8,0,0,0,0,0,0,0,0
43,32,8,0,0,0,0,0,0,0,0
44,32,8,0,0,0,0,0,0,0,0
45,32,8,0,0,0,0,0,0,0,0
46,32,8,0,0,0,0,0,0,0,0
47,32,5,0,1,1,0,0,0,0,1
48,32,5,0,2,2,0,0,0,0,2
49,32,5,0,2,3,0,0,0,0,2
50,32,5,0,3,3,0,0,0,0,3
51,32,5,0,4,4,0,0,0,0,3
52,32,5,0,5,5,0,0,0,0,3
53,32,5,0,6,6,0,0,0,0,3
54,32,5,0,7,7,0,0,0,0,3
55,32,5,0,8,8,0,0,0,0,3
56,32,5,0,9,9,0,0,0,0,3
57,32,5,0,10,10,0,0,0,0,4
58,32,5,0,10,10,0,0,0,0,4
59,32,4,0,11,11,0,0,1,0,4
0,33,5,0,0,0,8,5,0,14,0
1,33,5,0,0,0,8,4,0,13,0
2,33,5,0,0,0,7,3,0,13,0
3,33,5,0,0,0,7,2,0,13,0
4,33,5,0,0,0,6,2,0,12,0
5,33,6,0,0,0,5,0,0,11,0
6,33,6,0,0,0,5,0,0,10,0
7,33,6,0,0,0,4,0,0,10,0
8,33,6,0,0,0,4,0,0,9,0
9,33,6,0,0,0,3,0,0,9,0
10,33,6,0,0,0,3,0,0,8,0
11,33,6,0,0,0,3,0,0,8,0
12,33,6,0,0,0,2,0,0,7,0
13,33,6,0,0,0,2,0,0,7,0
14,33,7,0,0,0,0,0,0,6,0
15,33,7,0,0,0,0,0,0,6,0
16,33,7,0,0,0,0,0,0,6,0
17,33,7,0,0,0,0,0,0,6,0
18,33,7,0,0,0,0,0,0,6,0
19,33,7,0,0,0,0,0,0,5,0
20,33,7,0,0,0,0,0,0,5,0
21,33,7,0,0,0,0,0,0,5,0
22,33,7,0,0,0,0,0,0,4,0
23,33,7,0,0,0,0,0,0,3,0
24,33,7,0,0,0,0,0,0,3,0
25,33,7,0,0,0,0,0,0,2,0
26,33,8,0,0,0,0,0,0,0,0
27,33,8,0,0,0,0,0,0,0,0
28,33,8,0,0,0,0,0,0,0,0
29,33,8,0,0,0,0,0,0,0,0
30,33,8,0,0,0,0,0,0,0,0
31,33,8,0,0,0,0,0,0,0,0
32,33,8,0,0,0,0,0,0,0,0
33,33,8,0,0,0,0,0,0,0,0
34,33,8,0,0,0,0,0,0,0,0
35,33,8,0,0,0,0,0,0,0,0
36,33,8,0,0,0,0,0,0,0,0
37,33,8,0,0,0,0,0,0,0,0
38,33,8,0,0,0,0,0,0,0,0
39,33,8,0,0,0,0,0,0,0,0
40,33,8,0,0,0,0,0,0,0,0
41,33,8,0,0,0,0,0,0,0,0
42,33,8,0,0,0,0,0,0,0,0
43,33,8,0,0,0,0,0,0,0,0
44,33,8,0,0,0,0,0,0,0,0
45,33,8,0,0,0,0,0,0,0,0
46,33,7,0,0,0,0,0,0,0,1
47,33,5,0,1,1,0,0,0,0,1
48,33,5,0,2,2,0,0,0,0,2
49,33,5,0,3,2,0,0,0,0,3
50,33,5,0,3,3,0,0,0,0,3
51,33,5,0,4,4,0,0,0,0,3
52,33,5,0,5,5,0,0,0,0,2
53,33,5,0,6,6,0,0,0,0,2
54,33,5,0,7,7,0,0,0,0,2
55,33,5,0,8,8,0,0,0,0,2
56,33,5,0,9,9,0,0,0,0,3
57,33,5,0,10,9,0,0,0,0,3
58,33,5,0,11,10,0,0,0,0,3
59,33,4,0,11,11,0,0,1,0,3
0,34,5,0,0,0,8,4,0,14,0
1,34,5,0,0,0,7,4,0,14,0
2,34,5,0,0,0,7,3,0,14,0
3,34,5,0,0,0,6,2,0,13,0
4,34,6,0,0,0,6,0,0,12,0
5,34,6,0,0,0,5,0,0,11,0
6,34,6,0,0,0,4,0,0,11,0
7,34,6,0,0,0,4,0,0,10,0
8,34,6,0,0,0,3,0,0,10,0
9,34,6,0,0,0,3,0,0,9,0
10,34,6,0,0,0,2,0,0,9,0
11,34,6,0,0,0,2,0,0,8,0
12,34,6,0,0,0,2,0,0,8,0
13,34,7,0,0,0,0,0,0,7,0
14,34,7,0,0,0,0,0,0,7,0
15,34,7,0,0,0,0,0,0,7,0
16,34,7,0,0,0,0,0,0,7,0
17,34,7,0,0,0,0,0,0,7,0
18,34,7,0,0,0,0,0,0,6,0
19,34,7,0,0,0,0,0,0,6,0
20,34,7,0,0,0,0,0,0,6,0
21,34,7,0,0,0,0,0,0,5,0
22,34,7,0,0,0,0,0,0,4,0
23,34,7,0,0,0,0,0,0,3,0
24,34,7,0,0,0,0,0,0,2,0
25,34,7,0,0,0,0,0,0,2,0
26,34,8,0,0,0,0,0,0,0,0
27,34,8,0,0,0,0,0,0,0,0
28,34,8,0,0,0,0,0,0,0,0
29,34,8,0,0,0,0,0,0,0,0
30,34,8,0,0,0,0,0,0,0,0
31,34,8,0,0,0,0,0,0,0,0
32,34,8,0,0,0,0,0,0,0,0
33,34,8,0,0,0,0,0,0,0,0
34,34,8,0,0,0,0,0,0,0,0
35,34,8,0,0,0,0,0,0,0,0
36,34,8,0,0,0,0,0,0,0,0
37,34,8,0,0,0,0,0,0,0,0
38,34,8,0,0,0,0,0,0,0,0
39,34,8,0,0,0,0,0,0,0,0
40,34,8,0,0,0,0,0,0,0,0
41,34,8,0,0,0,0,0,0,0,0
42,34,8,0,0,0,0,0,0,0,0
43,34,8,0,0,0,0,0,0,0,0
44,34,8,0,0,0,0,0,0,0,0
45,34,7,0,0,0,0,0,0,0,1
46,34,6,0,1,0,0,0,0,0,1
47,34,6,0,1,0,0,0,0,0,2
48,34,5,0,2,1,0,0,0,0,2
49,34,5,0,3,2,0,0,0,0,2
50,34,5,0,4,3,0,0,0,0,2
51,34,5,0,4,4,0,0,0,0,2
52,34,5,0,5,5,0,0,0,0,2
53,34,6,0,6,6,0,0,0,0,0
54,34,5,0,7,7,0,0,0,0,1
55,34,5,0,8,8,0,0,0,0,2
56,34,5,0,9,8,0,0,0,0,2
57,34,5,0,10,9,0,0,0,0,2
58,34,5,0,11,10,0,0,0,0,2
59,34,4,0,12,11,0,0,1,0,3
0,35,5,0,0,0,8,4,0,15,0
1,35,5,0,0,0,7,3,0,15,0
2,35,5,0,0,0,6,3,0,14,0
3,35,5,0,0,0,6,2,0,13,0
4,35,6,0,0,0,5,0,0,12,0
5,35,6,0,0,0,5,0,0,12,0
6,35,6,0,0,0,4,0,0,11,0
7,35,6,0,0,0,3,0,0,11,0
8,35,6,0,0,0,3,0,0,10,0
9,35,6,0,0,0,2,0,0,10,0
10,35,6,0,0,0,2,0,0,9,0
11,35,7,0,0,0,0,0,0,9,0
12,35,7,0,0,0,0,0,0,8,0
13,35,7,0,0,0,0,0,0,8,0
14,35,7,0,0,0,0,0,0,8,0
15,35,7,0,0,0,0,0,0,8,0
16,35,7,0,0,0,0,0,0,8,0
17,35,7,0,0,0,0,0,0,7,0
18,35,7,0,0,0,0,0,0,7,0
19,35,7,0,0,0,0,0,0,6,0
20,35,7,0,0,0,0,0,0,6,0
21,35,7,0,0,0,0,0,0,5,0
22,35,7,0,0,0,0,0,0,4,0
23,35,7,0,0,0,0,0,0,3,0
24,35,7,0,0,0,0,0,0,2,0
25,35,8,0,0,0,0,0,0,0,0
26,35,8,0,0,0,0,0,0,0,0
27,35,8,0,0,0,0,0,0,0,0
28,35,8,0,0,0,0,0,0,0,0
29,35,8,0,0,0,0,0,0,0,0
30,35,8,0,0,0,0,0,0,0,0
31,35,8,0,0,0,0,0,0,0,0
32,35,8,0,0,0,0,0,0,0,0
33,35,8,0,0,0,0,0,0,0,0
34,35,8,0,0,0,0,0,0,0,0
35,35,8,0,0,0,0,0,0,0,0
36,35,8,0,0,0,0,0,0,0,0
37,35,8,0,0,0,0,0,0,0,0
38,35,8,0,0,0,0,0,0,0,0
39,35,8,0,0,0,0,0,0,0,0
40,35,8,0,0,0,0,0,0,0,0
41,35,8,0,0,0,0,0,0,0,0
42,35,8,0,0,0,0,0,0,0,0
43,35,8,0,0,0,0,0,0,0,0
44,35,7,0,0,0,0,0,0,0,1
45,35,7,0,0,0,0,0,0,0,1
46,35,6,0,1,0,0,0,0,0,2
47,35,6,0,2,0,0,0,0,0,2
48,35,5,0,2,1,0,0,0,0,2
49,35,5,0,3,2,0,0,0,0,2
50,35,6,0,4,3,0,0,0,0,0
51,35,6,0,5,4,0,0,0,0,0
52,35,6,0,5,5,0,0,0,0,0
53,35,6,0,6,6,0,0,0,0,0
54,35,6,0,7,7,0,0,0,0,0
55,35,6,0,8,7,0,0,0,0,0
56,35,6,0,9,8,0,0,0,0,0
57,35,5,0,10,9,0,0,0,0,1
58,35,5,0,11,10,0,0,0,0,2
59,35,4,0,12,11,0,0,1,0,2
0,36,5,0,0,0,8,4,0,16,0
1,36,5,0,0,0,7,3,0,15,0
2,36,5,0,0,0,6,2,0,14,0
3,36,5,0,0,0,5,2,0,13,0
4,36,6,0,0,0,5,0,0,13,0
5,36,6,0,0,0,4,0,0,12,0
6,36,6,0,0,0,4,0,0,12,0
7,36,6,0,0,0,3,0,0,11,0
8,36,6,0,0,0,2,0,0,11,0
9,36,6,0,0,0,2,0,0,10,0
10,36,7,0,0,0,0,0,0,10,0
11,36,7,0,0,0,0,0,0,9,0
12,36,7,0,0,0,0,0,0,9,0
13,36,7,0,0,0,0,0,0,9,0
14,36,7,0,0,0,0,0,0,9,0
15,36,7,0,0,0,0,0,0,9,0
16,36,7,0,0,0,0,0,0,8,0
17,36,7,0,0,0,0,0,0,8,0
18,36,7,0,0,0,0,0,0,7,0
19,36,7,0,0,0,0,0,0,6,0
20,36,7,0,0,0,0,0,0,5,0
21,36,7,0,0,0,0,0,0,5,0
22,36,7,0,0,0,0,0,0,4,0
23,36,7,0,0,0,0,0,0,3,0
24,36,7,0,0,0,0,0,0,2,0
25,36,8,0,0,0,0,0,0,0,0
26,36,8,0,0,0,0,0,0,0,0
27,36,8,0,0,0,0,0,0,0,0
28,36,8,0,0,0,0,0,0,0,0
29,36,8,0,0,0,0,0,0,0,0
30,36,8,0,0,0,0,0,0,0,0
31,36,8,0,0,0,0,0,0,0,0
32,36,8,0,0,0,0,0,0,0,0
33,36,8,0,0,0,0,0,0,0,0
34,36,8,0,0,0,0,0,0,0,0
35,36,8,0,0,0,0,0,0,0,0
36,36,8,0,0,0,0,0,0,0,0
37,36,8,0,0,0,0,0,0,0,0
38,36,8,0,0,0,0,0,0,0,0
39,36,8,0,0,0,0,0,0,0,0
40,36,8,0,0,0,0,0,0,0,0
41,36,8,0,0,0,0,0,0,0,0
42,36,8,0,0,0,0,0,0,0,0
43,36,7,0,0,0,0,0,0,0,1
44,36,7,0,0,0,0,0,0,0,1
45,36,6,0,1,0,0,0,0,0,2
46,36,6,0,1,0,0,0,0,0,2
47,36,6,0,2,0,0,0,0,0,2
48,36,5,0,3,1,0,0,0,0,2
49,36,6,0,3,2,0,0,0,0,0
50,36,6,0,4,3,0,0,0,0,0
51,36,6,0,5,4,0,0,0,0,0
52,36,6,0,6,5,0,0,0,0,0
53,36,6,0,6,6,0,0,0,0,0
54,36,6,0,7,6,0,0,0,0,0
55,36,6,0,8,7,0,0,0,0,0
56,36,6,0,9,8,0,0,0,0,0
57,36,6,0,10,9,0,0,0,0,0
58,36,5,0,11,10,0,0,0,0,1
59,36,4,0,12,11,0,0,1,0,2
0,37,5,0,0,0,8,4,0,16,0
1,37,5,0,0,0,7,3,0,15,0
2,37,5,0,0,0,6,2,0,14,0
3,37,6,0,0,0,5,0,0,14,0
4,37,6,0,0,0,4,0,0,13,0
5,37,6,0,0,0,4,0,0,13,0
6,37,6,0,0,0,3,0,0,12,0
7,37,6,0,0,0,3,0,0,12,0
8,37,6,0,0,0,2,0,0,11,0
9,37,7,0,0,0,0,0,0,11,0
10,37,7,0,0,0,0,0,0,10,0
11,37,7,0,0,0,0,0,0,10,0
12,37,7,0,0,0,0,0,0,10,0
13,37,7,0,0,0,0,0,0,10,0
14,37,7,0,0,0,0,0,0,10,0
15,37,7,0,0,0,0,0,0,9,0
16,37,7,0,0,0,0,0,0,9,0
17,37,7,0,0,0,0,0,0,8,0
18,37,7,0,0,0,0,0,0,7,0
19,37,7,0,0,0,0,0,0,6,0
20,37,7,0,0,0,0,0,0,5,0
21,37,7,0,0,0,0,0,0,4,0
22,37,7,0,0,0,0,0,0,4,0
23,37,7,0,0,0,0,0,0,3,0
24,37,7,0,0,0,0,0,0,2,0
25,37,8,0,0,0,0,0,0,0,0
26,37,8,0,0,0,0,0,0,0,0
27,37,8,0,0,0,0,0,0,0,0
28,37,8,0,0,0,0,0,0,0,0
29,37,8,0,0,0,0,0,0,0,0
30,37,8,0,0,0,0,0,0,0,0
31,37,8,0,0,0,0,0,0,0,0
32,37,8,0,0,0,0,0,0,0,0
33,37,8,0,0,0,0,0,0,0,0
34,37,8,0,0,0,0,0,0,0,0
35,37,8,0,0,0,0,0,0,0,0
36,37,8,0,0,0,0,0,0,0,0
37,37,8,0,0,0,0,0,0,0,0
38,37,8,0,0,0,0,0,0,0,0
39,37,8,0,0,0,0,0,0,0,0
40,37,8,0,0,0,0,0,0,0,0
41,37,8,0,0,0,0,0,0,0,0
42,37,7,0,0,0,0,0,0,0,1
43,37,7,0,0,0,0,0,0,0,1
44,37,7,0,0,0,0,0,0,0,2
45,37,6,0,1,0,0,0,0,0,2
46,37,6,0,2,0,0,0,0,0,3
47,37,6,0,2,0,0,0,0,0,2
48,37,6,0,3,1,0,0,0,0,0
49,37,6,0,4,2,0,0,0,0,0
50,37,6,0,4,3,0,0,0,0,0
51,37,6,0,5,4,0,0,0,0,0
52,37,6,0,6,5,0,0,0,0,0
53,37,6,0,7,5,0,0,0,0,0
54,37,6,0,7,6,0,0,0,0,0
55,37,6,0,8,7,0,0,0,0,0
56,37,6,0,9,8,0,0,0,0,0
57,37,6,0,10,9,0,0,0,0,0
58,37,6,0,11,10,0,0,0,0,0
59,37,4,0,12,11,0,0,1,0,1
0,38,5,0,0,0,8,4,0,16,0
1,38,5,0,0,0,7,3,0,15,0
2,38,5,0,0,0,6,2,0,15,0
3,38,6,0,0,0,5,0,0,14,0
4,38,6,0,0,0,4,0,0,14,0
5,38,6,0,0,0,3,0,0,13,0
6,38,6,0,0,0,3,0,0,13,0
7,38,6,0,0,0,2,0,0,12,0
8,38,6,0,0,0,2,0,0,12,0
9,38,7,0,0,0,0,0,0,11,0
10,38,7,0,0,0,0,0,0,11,0
11,38,7,0,0,0,0,0,0,11,0
12,38,7,0,0,0,0,0,0,11,0
13,38,7,0,0,0,0,0,0,11,0
14,38,7,0,0,0,0,0,0,10,0
15,38,7,0,0,0,0,0,0,10,0
16,38,7,0,0,0,0,0,0,9,0
17,38,7,0,0,0,0,0,0,8,0
18,38,7,0,0,0,0,0,0,7,0
19,38,7,0,0,0,0,0,0,6,0
20,38,7,0,0,0,0,0,0,5,0
21,38,7,0,0,0,0,0,0,4,0
22,38,7,0,0,0,0,0,0,3,0
23,38,7,0,0,0,0,0,0,3,0
24,38,7,0,0,0,0,0,0,2,0
25,38,8,0,0,0,0,0,0,0,0
26,38,8,0,0,0,0,0,0,0,0
27,38,8,0,0,0,0,0,0,0,0
28,38,8,0,0,0,0,0,0,0,0
29,38,8,0,0,0,0,0,0,0,0
30,38,8,0,0,0,0,0,0,0,0
31,38,8,0,0,0,0,0,0,0,0
32,38,8,0,0,0,0,0,0,0,0
33,38,8,0,0,0,0,0,0,0,0
34,38,8,0,0,0,0,0,0,0,0
35,38,8,0,0,0,0,0,0,0,0
36,38,8,0,0,0,0,0,0,0,0
37,38,8,0,0,0,0,0,0,0,0
38,38,8,0,0,0,0,0,0,0,0
39,38,8,0,0,0,0,0,0,0,0
40,38,8,0,0,0,0,0,0,0,0
41,38,7,0,0,0,0,0,0,0,1
42,38,7,0,0,0,0,0,0,0,1
43,38,7,0,0,0,0,0,0,0,2
44,38,6,0,1,0,0,0,0,0,2
45,38,6,0,1,0,0,0,0,0,3
46,38,6,0,2,0,0,0,0,0,3
47,38,6,0,3,0,0,0,0,0,2
48,38,6,0,3,1,0,0,0,0,0
49,38,6,0,4,2,0,0,0,0,0
50,38,6,0,5,3,0,0,0,0,0
51,38,6,0,5,4,0,0,0,0,0
52,38,6,0,6,4,0,0,0,0,0
53,38,6,0,7,5,0,0,0,0,0
54,38,6,0,8,6,0,0,0,0,0
55,38,6,0,8,7,0,0,0,0,0
56,38,6,0,9,8,0,0,0,0,0
57,38,6,0,10,9,0,0,0,0,0
58,38,6,0,11,10,0,0,0,0,0
59,38,5,0,12,11,0,0,0,0,1
0,39,5,0,0,0,7,4,0,16,0
1,39,5,0,0,0,7,3,0,16,0
2,39,5,0,0,0,6,2,0,15,0
3,39,6,0,0,0,5,0,0,15,0
4,39,6,0,0,0,4,0,0,14,0
5,39,6,0,0,0,3,0,0,14,0
6,39,6,0,0,0,2,0,0,13,0
7,39,6,0,0,0,2,0,0,13,0
8,39,7,0,0,0,0,0,0,12,0
9,39,7,0,0,0,0,0,0,12,0
10,39,7,0,0,0,0,0,0,12,0
11,39,7,0,0,0,0,0,0,12,0
12,39,7,0,0,0,0,0,0,12,0
13,39,7,0,0,0,0,0,0,11,0
14,39,7,0,0,0,0,0,0,11,0
15,39,7,0,0,0,0,0,0,10,0
16,39,7,0,0,0,0,0,0,9,0
17,39,7,0,0,0,0,0,0,8,0
18,39,7,0,0,0,0,0,0,7,0
19,39,7,0,0,0,0,0,0,6,0
20,39,7,0,0,0,0,0,0,5,0
21,39,7,0,0,0,0,0,0,4,0
22,39,7,0,0,0,0,0,0,3,0
23,39,7,0,0,0,0,0,0,2,0
24,39,7,0,0,0,0,0,0,2,0
25,39,8,0,0,0,0,0,0,0,0
26,39,8,0,0,0,0,0,0,0,0
27,39,8,0,0,0,0,0,0,0,0
28,39,8,0,0,0,0,0,0,0,0
29,39,8,0,0,0,0,0,0,0,0
30,39,8,0,0,0,0,0,0,0,0
31,39,8,0,0,0,0,0,0,0,0
32,39,8,0,0,0,0,0,0,0,0
33,39,8,0,0,0,0,0,0,0,0
34,39,8,0,0,0,0,0,0,0,0
35,39,8,0,0,0,0,0,0,0,0
36,39,8,0,0,0,0,0,0,0,0
37,39,8,0,0,0,0,0,0,0,0
38,39,8,0,0,0,0,0,0,0,0
39,39,8,0,0,0,0,0,0,0,0
40,39,7,0,0,0,0,0,0,0,1
41,39,7,0,0,0,0,0,0,0,1
42,39,7,0,0,0,0,0,0,0,2
43,39,7,0,0,0,0,0,0,0,2
44,39,6,0,1,0,0,0,0,0,3
45,39,6,0,2,0,0,0,0,0,3
46,39,6,0,2,0,0,0,0,0,2
47,39,6,0,3,0,0,0,0,0,2
48,39,6,0,4,1,0,0,0,0,0
49,39,6,0,4,2,0,0,0,0,0
50,39,6,0,5,3,0,0,0,0,0
51,39,6,0,6,3,0,0,0,0,0
52,39,6,0,6,4,0,0,0,0,0
53,39,6,0,7,5,0,0,0,0,0
54,39,6,0,8,6,0,0,0,0,0
55,39,6,0,9,7,0,0,0,0,0
56,39,6,0,9,8,0,0,0,0,0
57,39,6,0,10,9,0,0,0,0,0
58,39,6,0,11,10,0,0,0,0,0
59,39,3,0,12,11,0,1,1,0,1
0,40,5,0,0,0,7,4,0,17,0
1,40,5,0,0,0,6,3,0,16,0
2,40,5,0,0,0,6,2,0,16,0
3,40,6,0,0,0,5,0,0,15,0
4,40,6,0,0,0,4,0,0,15,0
5,40,6,0,0,0,3,0,0,14,0
6,40,6,0,0,0,2,0,0,14,0
7,40,7,0,0,0,0,0,0,13,0
8,40,7,0,0,0,0,0,0,13,0
9,40,7,0,0,0,0,0,0,13,0
10,40,7,0,0,0,0,0,0,13,0
11,40,7,0,0,0,0,0,0,13,0
12,40,7,0,0,0,0,0,0,12,0
13,40,7,0,0,0,0,0,0,12,0
14,40,7,0,0,0,0,0,0,11,0
15,40,7,0,0,0,0,0,0,10,0
16,40,7,0,0,0,0,0,0,9,0
17,40,7,0,0,0,0,0,0,8,0
18,40,7,0,0,0,0,0,0,7,0
19,40,7,0,0,0,0,0,0,6,0
20,40,7,0,0,0,0,0,0,5,0
21,40,7,0,0,0,0,0,0,4,0
22,40,7,0,0,0,0,0,0,3,0
23,40,7,0,0,0,0,0,0,2,0
24,40,8,0,0,0,0,0,0,0,0
25,40,8,0,0,0,0,0,0,0,0
26,40,8,0,0,0,0,0,0,0,0
27,40,8,0,0,0,0,0,0,0,0
28,40,8,0,0,0,0,0,0,0,0
29,40,8,0,0,0,0,0,0,0,0
30,40,8,0,0,0,0,0,0,0,0
31,40,8,0,0,0,0,0,0,0,0
32,40,8,0,0,0,0,0,0,0,0
33,40,8,0,0,0,0,0,0,0,0
34,40,8,0,0,0,0,0,0,0,0
35,40,8,0,0,0,0,0,0,0,0
36,40,8,0,0,0,0,0,0,0,0
37,40,8,0,0,0,0,0,0,0,0
38,40,7,0,0,0,0,0,0,0,1
39,40,7,0,0,0,0,0,0,0,1
40,40,7,0,0,0,0,0,0,0,1
41,40,7,0,0,0,0,0,0,0,2
42,40,7,0,0,0,0,0,0,0,2
43,40,6,0,1,0,0,0,0,0,3
44,40,6,0,1,0,0,0,0,0,3
45,40,6,0,2,0,0,0,0,0,3
46,40,6,0,3,0,0,0,0,0,2
47,40,7,0,3,0,0,0,0,0,0
48,40,6,0,4,1,0,0,0,0,0
49,40,6,0,5,2,0,0,0,0,0
50,40,6,0,5,2,0,0,0,0,0
51,40,6,0,6,3,0,0,0,0,0
52,40,6,0,7,4,0,0,0,0,0
53,40,6,0,7,5,0,0,0,0,0
54,40,6,0,8,6,0,0,0,0,0
55,40,6,0,9,7,0,0,0,0,0
56,40,6,0,10,8,0,0,0,0,0
57,40,6,0,10,9,0,0,0,0,0
58,40,5,0,11,10,0,1,0,0,0
59,40,4,0,12,10,0,1,1,0,0
0,41,5,0,0,0,7,3,0,17,0
1,41,5,0,0,0,6,3,0,17,0
2,41,5,0,0,0,5,2,0,16,0
3,41,6,0,0,0,5,0,0,16,0
4,41,6,0,0,0,4,0,0,15,0
5,41,6,0,0,0,3,0,0,15,0
6,41,6,0,0,0,2,0,0,14,0
7,41,7,0,0,0,0,0,0,14,0
8,41,7,0,0,0,0,0,0,14,0
9,41,7,0,0,0,0,0,0,14,0
10,41,7,0,0,0,0,0,0,14,0
11,41,7,0,0,0,0,0,0,13,0
12,41,7,0,0,0,0,0,0,13,0
13,41,7,0,0,0,0,0,0,12,0
14,41,7,0,0,0,0,0,0,11,0
15,41,7,0,0,0,0,0,0,10,0
16,41,7,0,0,0,0,0,0,9,0
17,41,7,0,0,0,0,0,0,8,0
18,41,7,0,0,0,0,0,0,7,0
19,41,7,0,0,0,0,0,0,6,0
20,41,7,0,0,0,0,0,0,5,0
21,41,7,0,0,0,0,0,0,4,0
22,41,7,0,0,0,0,0,0,3,0
23,41,7,0,0,0,0,0,0,2,0
24,41,7,0,0,0,0,0,0,1,0
25,41,8,0,0,0,0,0,0,0,0
26,41,8,0,0,0,0,0,0,0,0
27,41,8,0,0,0,0,0,0,0,0
28,41,8,0,0,0,0,0,0,0,0
29,41,8,0,0,0,0,0,0,0,0
30,41,8,0,0,0,0,0,0,0,0
31,41,8,0,0,0,0,0,0,0,0
32,41,8,0,0,0,0,0,0,0,0
33,41,8,0,0,0,0,0,0,0,0
34,41,8,0,0,0,0,0,0,0,0
35,41,8,0,0,0,0,0,0,0,0
36,41,8,0,0,0,0,0,0,0,0
37,41,8,0,0,0,0,0,0,0,0
38,41,7,0,0,0,0,0,0,0,1
39,41,7,0,0,0,0,0,0,0,2
40,41,7,0,0,0,0,0,0,0,2
41,41,7,0,0,0,0,0,0,0,2
42,41,6,0,1,0,0,0,0,0,3
43,41,6,0,1,0,0,0,0,0,3
44,41,6,0,2,0,0,0,0,0,4
45,41,6,0,2,0,0,0,0,0,3
46,41,6,0,3,0,0,0,0,0,2
47,41,6,0,4,0,0,0,0,0,1
48,41,7,0,4,0,0,0,0,0,0
49,41,6,0,5,1,0,0,0,0,0
50,41,6,0,6,2,0,0,0,0,0
51,41,6,0,6,3,0,0,0,0,0
52,41,6,0,7,4,0,0,0,0,0
53,41,6,0,8,5,0,0,0,0,0
54,41,6,0,8,6,0,0,0,0,0
55,41,6,0,9,7,0,0,0,0,0
56,41,5,0,10,8,0,1,0,0,0
57,41,5,0,11,9,0,1,0,0,0
58,41,5,0,11,9,0,1,0,0,0
59,41,3,0,12,10,0,2,1,0,1
0,42,5,0,0,0,7,3,0,18,0
1,42,5,0,0,0,6,2,0,17,0
2,42,5,0,0,0,5,2,0,17,0
3,42,6,0,0,0,4,0,0,16,0
4,42,6,0,0,0,4,0,0,16,0
5,42,6,0,0,0,3,0,0,15,0
6,42,6,0,0,0,2,0,0,15,0
7,42,7,0,0,0,0,0,0,15,0
8,42,7,0,0,0,0,0,0,15,0
9,42,7,0,0,0,0,0,0,15,0
10,42,7,0,0,0,0,0,0,14,0
11,42,7,0,0,0,0,0,0,14,0
12,42,7,0,0,0,0,0,0,13,0
13,42,7,0,0,0,0,0,0,12,0
14,42,7,0,0,0,0,0,0,11,0
15,42,7,0,0,0,0,0,0,10,0
16,42,7,0,0,0,0,0,0,9,0
17,42,7,0,0,0,0,0,0,8,0
18,42,7,0,0,0,0,0,0,7,0
19,42,7,0,0,0,0,0,0,6,0
20,42,7,0,0,0,0,0,0,5,0
21,42,7,0,0,0,0,0,0,4,0
22,42,7,0,0,0,0,0,0,3,0
23,42,7,0,0,0,0,0,0,2,0
24,42,7,0,0,0,0,0,0,2,0
25,42,8,0,0,0,0,0,0,0,0
26,42,8,0,0,0,0,0,0,0,0
27,42,8,0,0,0,0,0,0,0,0
28,42,8,0,0,0,0,0,0,0,0
29,42,8,0,0,0,0,0,0,0,0
30,42,8,0,0,0,0,0,0,0,0
31,42,8,0,0,0,0,0,0,0,0
32,42,8,0,0,0,0,0,0,0,0
33,42,8,0,0,0,0,0,0,0,0
34,42,8,0,0,0,0,0,0,0,0
35,42,8,0,0,0,0,0,0,0,0
36,42,8,0,0,0,0,0,0,0,0
37,42,8,0,0,0,0,0,0,0,0
38,42,7,0,0,0,0,0,0,0,1
39,42,7,0,0,0,0,0,0,0,2
40,42,7,0,0,0,0,0,0,0,3
41,42,7,0,0,0,0,0,0,0,3
42,42,6,0,1,0,0,0,0,0,3
43,42,6,0,2,0,0,0,0,0,4
44,42,6,0,2,0,0,0,0,0,4
45,42,6,0,3,0,0,0,0,0,3
46,42,6,0,3,0,0,0,0,0,2
47,42,6,0,4,0,0,0,0,0,2
48,42,6,0,5,1,0,0,0,0,0
49,42,6,0,5,1,0,0,0,0,0
50,42,6,0,6,2,0,0,0,0,0
51,42,6,0,7,3,0,0,0,0,0
52,42,6,0,7,4,0,0,0,0,0
53,42,6,0,8,5,0,0,0,0,0
54,42,6,0,9,6,0,0,0,0,0
55,42,5,0,9,7,0,1,0,0,0
56,42,5,0,10,8,0,1,0,0,0
57,42,5,0,11,8,0,2,0,0,0
58,42,5,0,12,9,0,2,0,0,0
59,42,3,0,12,9,0,2,1,0,1
0,43,5,0,0,0,7,3,0,18,0
1,43,5,0,0,0,6,2,0,18,0
2,43,6,0,0,0,5,0,0,17,0
3,43,6,0,0,0,4,0,0,17,0
4,43,6,0,0,0,3,0,0,16,0
5,43,6,0,0,0,3,0,0,16,0
6,43,6,0,0,0,2,0,0,16,0
7,43,7,0,0,0,0,0,0,16,0
8,43,7,0,0,0,0,0,0,16,0
9,43,7,0,0,0,0,0,0,15,0
10,43,7,0,0,0,0,0,0,15,0
11,43,7,0,0,0,0,0,0,14,0
12,43,7,0,0,0,0,0,0,13,0
13,43,7,0,0,0,0,0,0,12,0
14,43,7,0,0,0,0,0,0,11,0
15,43,7,0,0,0,0,0,0,10,0
16,43,7,0,0,0,0,0,0,9,0
17,43,7,0,0,0,0,0,0,8,0
18,43,7,0,0,0,0,0,0,7,0
19,43,7,0,0,0,0,0,0,6,0
20,43,7,0,0,0,0,0,0,5,0
21,43,7,0,0,0,0,0,0,4,0
22,43,7,0,0,0,0,0,0,3,0
23,43,7,0,0,0,0,0,0,3,0
24,43,7,0,0,0,0,0,0,2,0
25,43,8,0,0,0,0,0,0,0,0
26,43,8,0,0,0,0,0,0,0,0
27,43,8,0,0,0,0,0,0,0,0
28,43,8,0,0,0,0,0,0,0,0
29,43,8,0,0,0,0,0,0,0,0
30,43,8,0,0,0,0,0,0,0,0
31,43,8,0,0,0,0,0,0,0,0
32,43,8,0,0,0,0,0,0,0,0
33,43,8,0,0,0,0,0,0,0,0
34,43,8,0,0,0,0,0,0,0,0
35,43,8,0,0,0,0,0,0,0,0
36,43,8,0,0,0,0,0,0,0,0
37,43,8,0,0,0,0,0,0,0,0
38,43,7,0,0,0,0,0,0,0,1
39,43,7,0,0,0,0,0,0,0,2
40,43,7,0,0,0,0,0,0,0,3
41,43,6,0,1,0,0,0,0,0,4
42,43,6,0,1,0,0,0,0,0,4
43,43,6,0,2,0,0,0,0,0,4
44,43,6,0,3,0,0,0,0,0,4
45,43,6,0,3,0,0,0,0,0,3
46,43,6,0,4,0,0,0,0,0,3
47,43,6,0,4,0,0,0,0,0,2
48,43,6,0,5,1,0,0,0,0,0
49,43,6,0,6,2,0,0,0,0,0
50,43,6,0,6,2,0,0,0,0,0
51,43,6,0,7,3,0,0,0,0,0
52,43,6,0,8,4,0,0,0,0,0
53,43,6,0,8,5,0,0,0,0,0
54,43,5,0,9,6,0,1,0,0,0
55,43,5,0,10,7,0,1,0,0,0
56,43,5,0,10,7,0,2,0,0,0
57,43,5,0,11,8,0,2,0,0,0
58,43,5,0,12,8,0,3,0,0,0
59,43,3,0,13,9,0,3,1,0,1
0,44,5,0,0,0,7,3,0,19,0
1,44,5,0,0,0,6,2,0,18,0
2,44,5,0,0,0,5,1,0,18,0
3,44,6,0,0,0,4,0,0,17,0
4,44,6,0,0,0,3,0,0,17,0
5,44,6,0,0,0,2,0,0,17,0
6,44,6,0,0,0,2,0,0,17,0
7,44,7,0,0,0,0,0,0,17,0
8,44,7,0,0,0,0,0,0,16,0
9,44,7,0,0,0,0,0,0,16,0
10,44,7,0,0,0,0,0,0,15,0
11,44,7,0,0,0,0,0,0,14,0
12,44,7,0,0,0,0,0,0,13,0
13,44,7,0,0,0,0,0,0,12,0
14,44,7,0,0,0,0,0,0,11,0
15,44,7,0,0,0,0,0,0,10,0
16,44,7,0,0,0,0,0,0,9,0
17,44,7,0,0,0,0,0,0,8,0
18,44,7,0,0,0,0,0,0,7,0
19,44,7,0,0,0,0,0,0,6,0
20,44,7,0,0,0,0,0,0,5,0
21,44,7,0,0,0,0,0,0,4,0
22,44,7,0,0,0,0,0,0,4,0
23,44,7,0,0,0,0,0,0,3,0
24,44,7,0,0,0,0,0,0,2,0
25,44,8,0,0,0,0,0,0,0,0
26,44,8,0,0,0,0,0,0,0,0
27,44,8,0,0,0,0,0,0,0,0
28,44,8,0,0,0,0,0,0,0,0
29,44,8,0,0,0,0,0,0,0,0
30,44,8,0,0,0,0,0,0,0,0
31,44,8,0,0,0,0,0,0,0,0
32,44,8,0,0,0,0,0,0,0,0
33,44,8,0,0,0,0,0,0,0,0
34,44,8,0,0,0,0,0,0,0,0
35,44,8,0,0,0,0,0,0,0,0
36,44,8,0,0,0,0,0,0,0,0
37,44,8,0,0,0,0,0,0,0,0
38,44,7,0,0,0,0,0,0,0,1
39,44,7,0,0,0,0,0,0,0,2
40,44,6,0,1,0,0,0,0,0,3
41,44,6,0,1,0,0,0,0,0,4
42,44,6,0,2,0,0,0,0,0,5
43,44,6,0,2,0,0,0,0,0,4
44,44,6,0,3,0,0,0,0,0,4
45,44,6,0,4,0,0,0,0,0,3
46,44,6,0,4,0,0,0,0,0,3
47,44,6,0,5,0,0,0,0,0,2
48,44,5,0,5,1,0,0,0,0,1
49,44,6,0,6,2,0,0,0,0,0
50,44,6,0,7,3,0,0,0,0,0
51,44,6,0,7,3,0,0,0,0,0
52,44,5,0,8,4,0,1,0,0,0
53,44,5,0,9,5,0,1,0,0,0
54,44,5,0,9,6,0,1,0,0,0
55,44,5,0,10,6,0,2,0,0,0
56,44,5,0,11,7,0,2,0,0,0
57,44,5,0,11,7,0,3,0,0,0
58,44,5,0,12,8,0,3,0,0,0
59,44,4,0,13,9,0,4,1,0,0
0,45,5,0,0,0,7,3,0,19,0
1,45,5,0,0,0,6,2,0,19,0
2,45,5,0,0,0,5,2,0,18,0
3,45,6,0,0,0,4,0,0,18,0
4,45,6,0,0,0,3,0,0,18,0
5,45,6,0,0,0,2,0,0,18,0
6,45,7,0,0,0,0,0,0,18,0
7,45,7,0,0,0,0,0,0,17,0
8,45,7,0,0,0,0,0,0,17,0
9,45,7,0,0,0,0,0,0,16,0
10,45,7,0,0,0,0,0,0,15,0
11,45,7,0,0,0,0,0,0,14,0
12,45,7,0,0,0,0,0,0,13,0
13,45,7,0,0,0,0,0,0,12,0
14,45,7,0,0,0,0,0,0,11,0
15,45,7,0,0,0,0,0,0,10,0
16,45,7,0,0,0,0,0,0,9,0
17,45,7,0,0,0,0,0,0,8,0
18,45,7,0,0,0,0,0,0,7,0
19,45,7,0,0,0,0,0,0,6,0
20,45,7,0,0,0,0,0,0,5,0
21,45,7,0,0,0,0,0,0,5,0
22,45,7,0,0,0,0,0,0,4,0
23,45,7,0,0,0,0,0,0,3,0
24,45,7,0,0,0,0,0,0,2,0
25,45,8,0,0,0,0,0,0,0,0
26,45,8,0,0,0,0,0,0,0,0
27,45,8,0,0,0,0,0,0,0,0
28,45,8,0,0,0,0,0,0,0,0
29,45,8,0,0,0,0,0,0,0,0
30,45,8,0,0,0,0,0,0,0,0
31,45,8,0,0,0,0,0,0,0,0
32,45,8,0,0,0,0,0,0,0,0
33,45,8,0,0,0,0,0,0,0,0
34,45,8,0,0,0,0,0,0,0,0
35,45,8,0,0,0,0,0,0,0,0
36,45,8,0,0,0,0,0,0,0,0
37,45,8,0,0,0,0,0,0,0,0
38,45,7,0,0,0,0,0,0,0,1
39,45,6,0,1,0,0,0,0,0,2
40,45,6,0,1,0,0,0,0,0,3
41,45,6,0,2,0,0,0,0,0,4
42,45,6,0,2,0,0,0,0,0,4
43,45,6,0,3,0,0,0,0,0,4
44,45,6,0,3,0,0,0,0,0,3
45,45,6,0,4,0,0,0,0,0,3
46,45,6,0,5,0,0,0,0,0,2
47,45,6,0,5,0,0,0,0,0,2
48,45,6,0,6,1,0,0,0,0,0
49,45,6,0,6,2,0,0,0,0,0
50,45,5,0,7,3,0,1,0,0,0
51,45,5,0,8,3,0,1,0,0,0
52,45,5,0,8,4,0,1,0,0,0
53,45,5,0,9,5,0,2,0,0,0
54,45,5,0,10,5,0,2,0,0,0
55,45,5,0,10,6,0,2,0,0,0
56,45,5,0,11,6,0,3,0,0,0
57,45,5,0,12,7,0,3,0,0,0
58,45,4,0,12,8,0,4,1,0,0
59,45,4,0,13,9,0,4,1,0,0
0,46,5,0,0,0,7,3,0,20,0
1,46,5,0,0,0,6,3,0,19,0
2,46,5,0,0,0,5,2,0,19,0
3,46,6,0,0,0,4,0,0,19,0
4,46,6,0,0,0,3,0,0,19,0
5,46,6,0,0,0,2,0,0,19,0
6,46,6,0,0,0,1,0,0,18,0
7,46,7,0,0,0,0,0,0,18,0
8,46,7,0,0,0,0,0,0,17,0
9,46,7,0,0,0,0,0,0,16,0
10,46,7,0,0,0,0,0,0,15,0
11,46,7,0,0,0,0,0,0,14,0
12,46,7,0,0,0,0,0,0,13,0
13,46,7,0,0,0,0,0,0,12,0
14,46,7,0,0,0,0,0,0,11,0
15,46,7,0,0,0,0,0,0,10,0
16,46,7,0,0,0,0,0,0,9,0
17,46,7,0,0,0,0,0,0,8,0
18,46,7,0,0,0,0,0,0,7,0
19,46,7,0,0,0,0,0,0,6,0
20,46,7,0,0,0,0,0,0,6,0
21,46,7,0,0,0,0,0,0,5,0
22,46,7,0,0,0,0,0,0,4,0
23,46,7,0,0,0,0,0,0,3,0
24,46,7,0,0,0,0,0,0,2,0
25,46,7,0,0,0,0,0,0,1,0
26,46,8,0,0,0,0,0,0,0,0
27,46,8,0,0,0,0,0,0,0,0
28,46,8,0,0,0,0,0,0,0,0
29,46,8,0,0,0,0,0,0,0,0
30,46,8,0,0,0,0,0,0,0,0
31,46,8,0,0,0,0,0,0,0,0
32,46,8,0,0,0,0,0,0,0,0
33,46,8,0,0,0,0,0,0,0,0
34,46,8,0,0,0,0,0,0,0,0
35,46,8,0,0,0,0,0,0,0,0
36,46,8,0,0,0,0,0,0,0,0
37,46,8,0,0,0,0,0,0,0,0
38,46,6,0,1,0,0,0,0,0,1
39,46,6,0,1,0,0,0,0,0,2
40,46,6,0,2,0,0,0,0,0,3
41,46,6,0,2,0,0,0,0,0,4
42,46,6,0,3,0,0,0,0,0,4
43,46,6,0,3,0,0,0,0,0,3
44,46,6,0,4,0,0,0,0,0,3
45,46,6,0,4,0,0,0,0,0,2
46,46,6,0,5,0,0,0,0,0,2
47,46,7,0,6,0,0,0,0,0,0
48,46,6,0,6,1,0,0,0,0,0
49,46,6,0,7,2,0,0,0,0,0
50,46,5,0,7,2,0,1,0,0,0
51,46,5,0,8,3,0,2,0,0,0
52,46,5,0,9,4,0,2,0,0,0
53,46,5,0,9,4,0,2,0,0,0
54,46,5,0,10,5,0,3,0,0,0
55,46,5,0,11,5,0,3,0,0,0
56,46,5,0,11,6,0,3,0,0,0
57,46,5,0,12,7,0,4,0,0,0
58,46,4,0,13,8,0,4,1,0,0
59,46,4,0,13,8,0,5,2,0,0
0,47,5,0,0,0,7,4,0,20,0
1,47,5,0,0,0,6,3,0,20,0
2,47,5,0,0,0,5,2,0,20,0
3,47,6,0,0,0,4,0,0,20,0
4,47,6,0,0,0,3,0,0,20,0
5,47,6,0,0,0,2,0,0,19,0
6,47,6,0,0,0,2,0,0,19,0
7,47,7,0,0,0,0,0,0,18,0
8,47,7,0,0,0,0,0,0,17,0
9,47,7,0,0,0,0,0,0,16,0
10,47,7,0,0,0,0,0,0,15,0
11,47,7,0,0,0,0,0,0,14,0
12,47,7,0,0,0,0,0,0,13,0
13,47,7,0,0,0,0,0,0,12,0
14,47,6,0,0,0,0,0,1,11,0
15,47,7,0,0,0,0,0,0,10,0
16,47,7,0,0,0,0,0,0,9,0
17,47,7,0,0,0,0,0,0,8,0
18,47,7,0,0,0,0,0,0,7,0
19,47,7,0,0,0,0,0,0,7,0
20,47,7,0,0,0,0,0,0,6,0
21,47,7,0,0,0,0,0,0,5,0
22,47,7,0,0,0,0,0,0,4,0
23,47,7,0,0,0,0,0,0,3,0
24,47,7,0,0,0,0,0,0,2,0
25,47,7,0,0,0,0,0,0,2,0
26,47,8,0,0,0,0,0,0,0,0
27,47,8,0,0,0,0,0,0,0,0
28,47,8,0,0,0,0,0,0,0,0
29,47,8,0,0,0,0,0,0,0,0
30,47,8,0,0,0,0,0,0,0,0
31,47,8,0,0,0,0,0,0,0,0
32,47,8,0,0,0,0,0,0,0,0
33,47,8,0,0,0,0,0,0,0,0
34,47,8,0,0,0,0,0,0,0,0
35,47,8,0,0,0,0,0,0,0,0
36,47,8,0,0,0,0,0,0,0,0
37,47,6,0,1,0,0,0,0,0,1
38,47,6,0,1,0,0,0,0,0,1
39,47,6,0,2,0,0,0,0,0,2
40,47,6,0,2,0,0,0,0,0,3
41,47,6,0,3,0,0,0,0,0,4
42,47,6,0,3,0,0,0,0,0,3
43,47,6,0,4,0,0,0,0,0,3
44,47,6,0,4,0,0,0,0,0,2
45,47,6,0,5,0,0,0,0,0,2
46,47,7,0,5,0,0,0,0,0,0
47,47,7,0,6,0,0,0,0,0,0
48,47,7,0,7,0,0,0,0,0,0
49,47,6,0,7,1,0,0,0,0,0
50,47,5,0,8,2,0,1,0,0,0
51,47,5,0,8,3,0,2,0,0,0
52,47,5,0,9,3,0,3,0,0,0
53,47,5,0,10,4,0,3,0,0,0
54,47,5,0,10,4,0,3,0,0,0
55,47,5,0,11,5,0,4,0,0,0
56,47,5,0,12,6,0,4,0,0,0
57,47,5,0,12,7,0,4,0,0,0
58,47,4,0,13,7,0,5,1,0,0
59,47,4,0,14,8,0,5,2,0,0
0,48,5,0,0,0,7,4,0,21,0
1,48,5,0,0,0,6,3,0,21,0
2,48,5,0,0,0,5,2,0,21,0
3,48,6,0,0,0,4,0,0,21,0
4,48,6,0,0,0,3,0,0,20,0
5,48,6,0,0,0,3,0,0,20,0
6,48,6,0,0,0,2,0,0,19,0
7,48,7,0,0,0,0,0,0,18,0
8,48,7,0,0,0,0,0,0,17,0
9,48,7,0,0,0,0,0,0,16,0
10,48,7,0,0,0,0,0,0,15,0
11,48,7,0,0,0,0,0,0,14,0
12,48,6,0,0,0,0,0,1,13,0
13,48,6,0,0,0,0,0,1,12,0
14,48,6,0,0,0,0,0,1,11,0
15,48,6,0,0,0,0,0,1,10,0
16,48,7,0,0,0,0,0,0,9,0
17,48,7,0,0,0,0,0,0,8,0
18,48,7,0,0,0,0,0,0,8,0
19,48,7,0,0,0,0,0,0,7,0
20,48,7,0,0,0,0,0,0,6,0
21,48,7,0,0,0,0,0,0,5,0
22,48,7,0,0,0,0,0,0,4,0
23,48,7,0,0,0,0,0,0,3,0
24,48,7,0,0,0,0,0,0,3,0
25,48,7,0,0,0,0,0,0,2,0
26,48,8,0,0,0,0,0,0,0,0
27,48,8,0,0,0,0,0,0,0,0
28,48,8,0,0,0,0,0,0,0,0
29,48,8,0,0,0,0,0,0,0,0
30,48,8,0,0,0,0,0,0,0,0
31,48,8,0,0,0,0,0,0,0,0
32,48,8,0,0,0,0,0,0,0,0
33,48,8,0,0,0,0,0,0,0,0
34,48,8,0,0,0,0,0,0,0,0
35,48,8,0,0,0,0,0,0,0,0
36,48,7,0,1,0,0,0,0,0,0
37,48,6,0,1,0,0,0,0,0,1
38,48,6,0,2,0,0,0,0,0,2
39,48,6,0,2,0,0,0,0,0,2
40,48,6,0,3,0,0,0,0,0,3
41,48,6,0,3,0,0,0,0,0,3
42,48,6,0,4,0,0,0,0,0,3
43,48,6,0,4,0,0,0,0,0,2
44,48,6,0,5,0,0,0,0,0,2
45,48,7,0,5,0,0,0,0,0,0
46,48,7,0,6,0,0,0,0,0,0
47,48,7,0,6,0,0,0,0,0,0
48,48,7,0,7,0,0,0,0,0,0
49,48,6,0,8,1,0,0,0,0,0
50,48,5,0,8,2,0,1,0,0,0
51,48,5,0,9,2,0,2,0,0,0
52,48,5,0,9,3,0,3,0,0,0
53,48,5,0,10,3,0,4,0,0,0
54,48,5,0,11,4,0,4,0,0,0
55,48,5,0,11,5,0,4,0,0,0
56,48,5,0,12,6,0,5,0,0,0
57,48,4,0,13,6,0,5,1,0,0
58,48,4,0,13,7,0,5,1,0,0
59,48,4,0,14,8,0,6,2,0,0
0,49,5,0,0,0,7,4,0,22,0
1,49,5,0,0,0,6,3,0,22,0
2,49,5,0,0,0,5,2,0,22,0
3,49,6,0,0,0,4,0,0,21,0
4,49,6,0,0,0,4,0,0,21,0
5,49,6,0,0,0,3,0,0,20,0
6,49,6,0,0,0,2,0,0,19,0
7,49,7,0,0,0,0,0,0,18,0
8,49,7,0,0,0,0,0,0,17,0
9,49,7,0,0,0,0,0,0,16,0
10,49,6,0,0,0,0,0,1,15,0
11,49,6,0,0,0,0,0,1,14,0
12,49,6,0,0,0,0,0,1,13,0
13,49,6,0,0,0,0,0,2,12,0
14,49,6,0,0,0,0,0,2,11,0
15,49,6,0,0,0,0,0,2,10,0
16,49,7,0,0,0,0,0,0,9,0
17,49,7,0,0,0,0,0,0,9,0
18,49,7,0,0,0,0,0,0,8,0
19,49,7,0,0,0,0,0,0,7,0
20,49,7,0,0,0,0,0,0,6,0
21,49,7,0,0,0,0,0,0,5,0
22,49,7,0,0,0,0,0,0,4,0
23,49,7,0,0,0,0,0,0,4,0
24,49,7,0,0,0,0,0,0,3,0
25,49,7,0,0,0,0,0,0,2,0
26,49,8,0,0,0,0,0,0,0,0
27,49,8,0,0,0,0,0,0,0,0
28,49,8,0,0,0,0,0,0,0,0
29,49,8,0,0,0,0,0,0,0,0
30,49,8,0,0,0,0,0,0,0,0
31,49,8,0,0,0,0,0,0,0,0
32,49,8,0,0,0,0,0,0,0,0
33,49,8,0,0,0,0,0,0,0,0
34,49,7,0,1,0,0,0,0,0,0
35,49,7,0,1,0,0,0,0,0,0
36,49,7,0,1,0,0,0,0,0,0
37,49,6,0,2,0,0,0,0,0,1
38,49,6,0,2,0,0,0,0,0,2
39,49,6,0,3,0,0,0,0,0,3
40,49,6,0,3,0,0,0,0,0,3
41,49,6,0,4,0,0,0,0,0,3
42,49,6,0,4,0,0,0,0,0,2
43,49,6,0,5,0,0,0,0,0,2
44,49,7,0,5,0,0,0,0,0,0
45,49,7,0,6,0,0,0,0,0,0
46,49,7,0,6,0,0,0,0,0,0
47,49,7,0,7,0,0,0,0,0,0
48,49,7,0,7,0,0,0,0,0,0
49,49,7,0,8,0,0,0,0,0,0
50,49,5,0,9,1,0,1,0,0,0
51,49,5,0,9,2,0,2,0,0,0
52,49,5,0,10,2,0,3,0,0,0
53,49,5,0,10,3,0,4,0,0,0
54,49,5,0,11,4,0,5,0,0,0
55,49,5,0,12,5,0,5,0,0,0
56,49,5,0,12,5,0,5,0,0,0
57,49,4,0,13,6,0,6,1,0,0
58,49,4,0,14,7,0,6,2,0,0
59,49,4,0,14,8,0,6,2,0,0
0,50,4,0,0,0,7,4,1,23,0
1,50,4,0,0,0,6,3,1,23,0
2,50,4,0,0,0,5,2,1,22,0
3,50,4,0,0,0,5,1,1,22,0
4,50,6,0,0,0,4,0,0,21,0
5,50,5,0,0,0,3,0,1,20,0
6,50,5,0,0,0,2,0,1,19,0
7,50,6,0,0,0,0,0,1,18,0
8,50,6,0,0,0,0,0,1,17,0
9,50,6,0,0,0,0,0,1,16,0
10,50,6,0,0,0,0,0,1,15,0
11,50,6,0,0,0,0,0,2,14,0
12,50,6,0,0,0,0,0,2,13,0
13,50,6,0,0,0,0,0,2,12,0
14,50,6,0,0,0,0,0,3,11,0
15,50,6,0,0,0,0,0,2,10,0
16,50,6,0,0,0,0,0,1,10,0
17,50,7,0,0,0,0,0,0,9,0
18,50,7,0,0,0,0,0,0,8,0
19,50,7,0,0,0,0,0,0,7,0
20,50,7,0,0,0,0,0,0,6,0
21,50,7,0,0,0,0,0,0,5,0
22,50,7,0,0,0,0,0,0,5,0
23,50,7,0,0,0,0,0,0,4,0
24,50,7,0,0,0,0,0,0,3,0
25,50,7,0,0,0,0,0,0,2,0
26,50,8,0,0,0,0,0,0,0,0
27,50,8,0,0,0,0,0,0,0,0
28,50,8,0,0,0,0,0,0,0,0
29,50,8,0,0,0,0,0,0,0,0
30,50,8,0,0,0,0,0,0,0,0
31,50,8,0,0,0,0,0,0,0,0
32,50,7,0,0,0,1,0,0,0,0
33,50,6,0,1,0,1,0,0,0,0
34,50,7,0,1,0,0,0,0,0,0
35,50,7,0,2,0,0,0,0,0,0
36,50,6,0,2,0,0,0,0,0,1
37,50,6,0,2,0,0,0,0,0,1
38,50,6,0,3,0,0,0,0,0,2
39,50,6,0,3,0,0,0,0,0,3
40,50,6,0,4,0,0,0,0,0,3
41,50,6,0,4,0,0,0,0,0,3
42,50,6,0,5,0,0,0,0,0,2
43,50,7,0,5,0,0,0,0,0,0
44,50,7,0,6,0,0,0,0,0,0
45,50,7,0,6,0,0,0,0,0,0
46,50,7,0,7,0,0,0,0,0,0
47,50,7,0,7,0,0,0,0,0,0
48,50,7,0,8,0,0,0,0,0,0
49,50,6,0,8,0,0,1,0,0,0
50,50,6,0,9,0,0,1,0,0,0
51,50,5,0,10,1,0,2,0,0,0
52,50,5,0,10,2,0,3,0,0,0
53,50,5,0,11,3,0,4,0,0,0
54,50,5,0,11,4,0,5,0,0,0
55,50,5,0,12,4,0,6,0,0,0
56,50,4,0,13,5,0,6,1,0,0
57,50,4,0,13,6,0,6,1,0,0
58,50,4,0,14,7,0,7,2,0,0
59,50,4,0,15,8,0,7,3,0,0
0,51,4,0,0,0,7,4,2,24,0
1,51,4,0,0,0,6,3,2,23,0
2,51,4,0,0,0,6,2,2,23,0
3,51,4,0,0,0,5,2,2,22,0
4,51,5,0,0,0,4,0,1,21,0
5,51,5,0,0,0,3,0,1,20,0
6,51,5,0,0,0,2,0,2,19,0
7,51,5,0,0,0,1,0,2,18,0
8,51,6,0,0,0,0,0,2,17,0
9,51,6,0,0,0,0,0,2,16,0
10,51,6,0,0,0,0,0,2,15,0
11,51,6,0,0,0,0,0,2,14,0
12,51,6,0,0,0,0,0,3,13,0
13,51,6,0,0,0,0,0,3,12,0
14,51,6,0,0,0,0,0,3,11,0
15,51,6,0,0,0,0,0,2,11,0
16,51,6,0,0,0,0,0,2,10,0
17,51,6,0,0,0,0,0,1,9,0
18,51,7,0,0,0,0,0,0,8,0
19,51,7,0,0,0,0,0,0,7,0
20,51,7,0,0,0,0,0,0,6,0
21,51,7,0,0,0,0,0,0,6,0
22,51,7,0,0,0,0,0,0,5,0
23,51,7,0,0,0,0,0,0,4,0
24,51,7,0,0,0,0,0,0,3,0
25,51,7,0,0,0,0,0,0,2,0
26,51,7,0,0,0,0,0,0,1,0
27,51,8,0,0,0,0,0,0,0,0
28,51,8,0,0,0,0,0,0,0,0
29,51,8,0,0,0,0,0,0,0,0
30,51,8,0,0,0,0,0,0,0,0
31,51,7,0,1,0,0,0,0,0,0
32,51,6,0,1,0,1,0,0,0,0
33,51,6,0,1,0,2,0,0,0,0
34,51,6,0,2,0,1,0,0,0,0
35,51,7,0,2,0,0,0,0,0,0
36,51,6,0,3,0,0,0,0,0,1
37,51,6,0,3,0,0,0,0,0,2
38,51,6,0,3,0,0,0,0,0,2
39,51,6,0,4,0,0,0,0,0,3
40,51,6,0,4,0,0,0,0,0,3
41,51,6,0,5,0,0,0,0,0,2
42,51,6,0,5,0,0,0,0,0,2
43,51,7,0,6,0,0,0,0,0,0
44,51,7,0,6,0,0,0,0,0,0
45,51,7,0,7,0,0,0,0,0,0
46,51,7,0,7,0,0,0,0,0,0
47,51,7,0,8,0,0,0,0,0,0
48,51,7,0,8,0,0,0,0,0,0
49,51,6,0,9,0,0,1,0,0,0
50,51,6,0,9,0,0,2,0,0,0
51,51,5,0,10,1,0,2,0,0,0
52,51,5,0,11,2,0,3,0,0,0
53,51,5,0,11,3,0,4,0,0,0
54,51,5,0,12,3,0,5,0,0,0
55,51,4,0,12,4,0,6,1,0,0
56,51,4,0,13,5,0,7,1,0,0
57,51,4,0,14,6,0,7,2,0,0
58,51,4,0,14,7,0,7,2,0,0
59,51,4,0,15,8,0,8,3,0,0
0,52,4,0,0,0,7,4,3,24,0
1,52,4,0,0,0,7,3,3,24,0
2,52,4,0,0,0,6,3,3,23,0
3,52,4,0,0,0,5,2,2,22,0
4,52,5,0,0,0,4,0,2,21,0
5,52,5,0,0,0,3,0,2,20,0
6,52,5,0,0,0,2,0,2,19,0
7,52,5,0,0,0,2,0,3,18,0
8,52,5,0,0,0,1,0,3,17,0
9,52,6,0,0,0,0,0,3,16,0
10,52,6,0,0,0,0,0,3,15,0
11,52,6,0,0,0,0,0,3,14,0
12,52,6,0,0,0,0,0,3,13,0
13,52,6,0,0,0,0,0,4,12,0
14,52,6,0,0,0,0,0,3,12,0
15,52,6,0,0,0,0,0,3,11,0
16,52,6,0,0,0,0,0,2,10,0
17,52,6,0,0,0,0,0,2,9,0
18,52,7,0,0,0,0,0,0,8,0
19,52,7,0,0,0,0,0,0,7,0
20,52,7,0,0,0,0,0,0,7,0
21,52,7,0,0,0,0,0,0,6,0
22,52,7,0,0,0,0,0,0,5,0
23,52,7,0,0,0,0,0,0,4,0
24,52,7,0,0,0,0,0,0,3,0
25,52,7,0,0,0,0,0,0,2,0
26,52,7,0,0,0,0,0,0,2,0
27,52,8,0,0,0,0,0,0,0,0
28,52,8,0,0,0,0,0,0,0,0
29,52,7,0,1,0,0,0,0,0,0
30,52,7,0,1,0,0,0,0,0,0
31,52,7,0,1,0,0,0,0,0,0
32,52,6,0,2,0,1,0,0,0,0
33,52,6,0,2,0,2,0,0,0,0
34,52,6,0,2,0,2,0,0,0,0
35,52,5,0,3,0,1,0,0,0,1
36,52,5,0,3,0,1,0,0,0,1
37,52,6,0,4,0,0,0,0,0,2
38,52,6,0,4,0,0,0,0,0,3
39,52,6,0,4,0,0,0,0,0,3
40,52,6,0,5,0,0,0,0,0,3
41,52,6,0,5,0,0,0,0,0,2
42,52,7,0,6,0,0,0,0,0,0
43,52,7,0,6,0,0,0,0,0,0
44,52,7,0,7,0,0,0,0,0,0
45,52,7,0,7,0,0,0,0,0,0
46,52,7,0,8,0,0,0,0,0,0
47,52,7,0,8,0,0,0,0,0,0
48,52,7,0,9,0,0,0,0,0,0
49,52,6,0,9,0,0,1,0,0,0
50,52,6,0,10,0,0,2,0,0,0
51,52,5,0,10,1,0,3,0,0,0
52,52,5,0,11,2,0,3,0,0,0
53,52,5,0,12,2,0,4,0,0,0
54,52,5,0,12,3,0,5,0,0,0
55,52,4,0,13,4,0,6,1,0,0
56,52,4,0,13,5,0,7,2,0,0
57,52,4,0,14,6,0,8,2,0,0
58,52,4,0,15,7,0,8,3,0,0
59,52,4,0,15,7,0,8,3,0,0
0,53,4,0,0,0,8,4,4,25,0
1,53,4,0,0,0,7,4,4,24,0
2,53,4,0,0,0,6,3,3,23,0
3,53,4,0,0,0,5,2,3,22,0
4,53,4,0,0,0,4,1,3,21,0
5,53,5,0,0,0,3,0,3,20,0
6,53,5,0,0,0,3,0,3,19,0
7,53,5,0,0,0,2,0,3,18,0
8,53,5,0,0,0,2,0,4,17,0
9,53,6,0,0,0,0,0,4,16,0
10,53,6,0,0,0,0,0,4,15,0
11,53,6,0,0,0,0,0,4,14,0
12,53,6,0,0,0,0,0,4,13,0
13,53,6,0,0,0,0,0,4,13,0
14,53,6,0,0,0,0,0,4,12,0
15,53,6,0,0,0,0,0,3,11,0
16,53,6,0,0,0,0,0,3,10,0
17,53,6,0,0,0,0,0,2,9,0
18,53,6,0,0,0,0,0,1,8,0
19,53,7,0,0,0,0,0,0,8,0
20,53,7,0,0,0,0,0,0,7,0
21,53,7,0,0,0,0,0,0,6,0
22,53,7,0,0,0,0,0,0,5,0
23,53,7,0,0,0,0,0,0,4,0
24,53,7,0,0,0,0,0,0,3,0
25,53,7,0,0,0,0,0,0,3,0
26,53,7,0,0,0,0,0,0,2,0
27,53,7,0,1,0,0,0,0,0,0
28,53,7,0,1,0,0,0,0,0,0
29,53,7,0,1,0,0,0,0,0,0
30,53,7,0,2,0,0,0,0,0,0
31,53,6,0,2,0,1,0,0,0,0
32,53,6,0,2,0,1,0,0,0,0
33,53,6,0,3,0,2,0,0,0,0
34,53,5,0,3,0,2,0,0,0,1
35,53,5,0,3,0,2,0,0,0,1
36,53,5,0,4,0,2,0,0,0,2
37,53,5,0,4,0,1,0,0,0,2
38,53,6,0,5,0,0,0,0,0,3
39,53,6,0,5,0,0,0,0,0,4
40,53,6,0,5,0,0,0,0,0,3
41,53,6,0,6,0,0,0,0,0,2
42,53,7,0,6,0,0,0,0,0,0
43,53,7,0,7,0,0,0,0,0,0
44,53,7,0,7,0,0,0,0,0,0
45,53,7,0,8,0,0,0,0,0,0
46,53,7,0,8,0,0,0,0,0,0
47,53,7,0,9,0,0,0,0,0,0
48,53,6,0,9,0,0,1,0,0,0
49,53,6,0,10,0,0,1,0,0,0
50,53,6,0,10,0,0,2,0,0,0
51,53,6,0,11,0,0,3,0,0,0
52,53,5,0,11,1,0,4,0,0,0
53,53,5,0,12,2,0,4,0,0,0
54,53,4,0,13,3,0,5,1,0,0
55,53,4,0,13,4,0,6,1,0,0
56,53,4,0,14,5,0,7,2,0,0
57,53,4,0,14,6,0,8,3,0,0
58,53,4,0,15,6,0,9,3,0,0
59,53,4,0,16,7,0,9,4,0,0
0,54,4,0,0,0,8,5,5,25,0
1,54,4,0,0,0,7,4,4,24,0
2,54,4,0,0,0,6,3,4,23,0
3,54,4,0,0,0,5,2,4,22,0
4,54,4,0,0,0,4,2,4,21,0
5,54,5,0,0,0,4,0,4,20,0
6,54,5,0,0,0,3,0,4,19,0
7,54,5,0,0,0,3,0,4,18,0
8,54,5,0,0,0,2,0,4,17,0
9,54,5,0,0,0,1,0,5,16,0
10,54,6,0,0,0,0,0,5,15,0
11,54,6,0,0,0,0,0,5,14,0
12,54,6,0,0,0,0,0,5,14,0
13,54,6,0,0,0,0,0,5,13,0
14,54,6,0,0,0,0,0,4,12,0
15,54,6,0,0,0,0,0,4,11,0
16,54,6,0,0,0,0,0,3,10,0
17,54,6,0,0,0,0,0,2,9,0
18,54,6,0,0,0,0,0,2,9,0
19,54,6,0,0,0,0,0,1,8,0
20,54,7,0,0,0,0,0,0,7,0
21,54,7,0,0,0,0,0,0,6,0
22,54,7,0,0,0,0,0,0,5,0
23,54,7,0,0,0,0,0,0,4,0
24,54,6,0,1,0,0,0,0,4,0
25,54,6,0,1,0,0,0,0,3,0
26,54,6,0,1,0,0,0,0,2,0
27,54,6,0,1,0,0,0,0,1,0
28,54,7,0,2,0,0,0,0,0,0
29,54,6,0,2,0,1,0,0,0,0
30,54,6,0,2,0,1,0,0,0,0
31,54,6,0,3,0,1,0,0,0,0
32,54,6,0,3,0,2,0,0,0,0
33,54,6,0,3,0,2,0,0,0,0
34,54,5,0,4,0,3,0,0,0,1
35,54,5,0,4,0,3,0,0,0,2
36,54,5,0,4,0,2,0,0,0,2
37,54,5,0,5,0,2,0,0,0,3
38,54,5,0,5,0,1,0,0,0,3
39,54,5,0,6,0,1,0,0,0,4
40,54,6,0,6,0,0,0,0,0,3
41,54,6,0,6,0,0,0,0,0,2
42,54,7,0,7,0,0,0,0,0,0
43,54,7,0,7,0,0,0,0,0,0
44,54,7,0,8,0,0,0,0,0,0
45,54,7,0,8,0,0,0,0,0,0
46,54,7,0,9,0,0,0,0,0,0
47,54,7,0,9,0,0,0,0,0,0
48,54,6,0,10,0,0,1,0,0,0
49,54,6,0,10,0,0,2,0,0,0
50,54,6,0,11,0,0,2,0,0,0
51,54,6,0,11,0,0,3,0,0,0
52,54,5,0,12,1,0,4,0,0,0
53,54,4,0,12,2,0,5,1,0,0
54,54,4,0,13,3,0,5,1,0,0
55,54,4,0,14,4,0,6,2,0,0
56,54,4,0,14,5,0,7,2,0,0
57,54,4,0,15,5,0,8,3,0,0
58,54,4,0,15,6,0,9,4,0,0
59,54,4,0,16,7,0,10,4,0,0
0,55,4,0,0,0,8,5,5,25,0
1,55,4,0,0,0,7,4,5,24,0
2,55,4,0,0,0,6,3,5,23,0
3,55,4,0,0,0,5,3,5,22,0
4,55,4,0,0,0,5,2,5,21,0
5,55,5,0,0,0,4,0,5,20,0
6,55,5,0,0,0,4,0,5,19,0
7,55,5,0,0,0,3,0,5,18,0
8,55,5,0,0,0,2,0,5,17,0
9,55,5,0,0,0,2,0,5,16,0
10,55,5,0,0,0,1,0,6,15,0
11,55,6,0,0,0,0,0,6,15,0
12,55,6,0,0,0,0,0,6,14,0
13,55,6,0,0,0,0,0,5,13,0
14,55,6,0,0,0,0,0,5,12,0
15,55,6,0,0,0,0,0,4,11,0
16,55,5,0,1,0,0,0,3,10,0
17,55,5,0,1,0,0,0,3,10,0
18,55,5,0,1,0,0,0,2,9,0
19,55,5,0,1,0,0,0,2,8,0
20,55,5,0,1,0,0,0,1,7,0
21,55,6,0,1,0,0,0,0,6,0
22,55,6,0,1,0,0,0,0,5,0
23,55,6,0,1,0,0,0,0,5,0
24,55,6,0,1,0,0,0,0,4,0
25,55,6,0,2,0,0,0,0,3,0
26,55,6,0,2,0,0,0,0,2,0
27,55,6,0,2,0,0,0,0,2,0
28,55,6,0,2,0,1,0,0,0,0
29,55,6,0,3,0,1,0,0,0,0
30,55,6,0,3,0,2,0,0,0,0
31,55,6,0,3,0,2,0,0,0,0
32,55,6,0,4,0,2,0,0,0,0
33,55,5,0,4,0,3,0,0,0,1
34,55,5,0,4,0,3,0,0,0,1
35,55,5,0,5,0,3,0,0,0,2
36,55,5,0,5,0,3,0,0,0,3
37,55,5,0,5,0,2,0,0,0,3
38,55,5,0,6,0,2,0,0,0,4
39,55,5,0,6,0,2,0,0,0,3
40,55,5,0,7,0,1,0,0,0,3
41,55,5,0,7,0,1,0,0,0,2
42,55,7,0,7,0,0,0,0,0,0
43,55,7,0,8,0,0,0,0,0,0
44,55,7,0,8,0,0,0,0,0,0
45,55,7,0,9,0,0,0,0,0,0
46,55,7,0,9,0,0,0,0,0,0
47,55,6,0,10,0,0,1,0,0,0
48,55,6,0,10,0,0,1,0,0,0
49,55,6,0,11,0,0,2,0,0,0
50,55,6,0,11,0,0,3,0,0,0
51,55,6,0,12,0,0,3,0,0,0
52,55,5,0,12,1,0,4,0,0,0
53,55,4,0,13,2,0,5,1,0,0
54,55,4,0,13,3,0,6,2,0,0
55,55,4,0,14,4,0,6,2,0,0
56,55,4,0,15,4,0,7,3,0,0
57,55,4,0,15,5,0,8,3,0,0
58,55,4,0,16,6,0,9,4,0,0
59,55,4,0,16,7,0,10,5,0,0
0,56,4,0,0,0,8,5,6,25,0
1,56,4,0,0,0,7,4,6,24,0
2,56,4,0,0,0,6,3,6,23,0
3,56,4,0,0,0,6,3,6,22,0
4,56,4,0,0,0,5,2,6,21,0
5,56,5,0,0,0,5,0,6,20,0
6,56,5,0,0,0,4,0,6,19,0
7,56,5,0,0,0,3,0,6,18,0
8,56,5,0,0,0,3,0,6,17,0
9,56,5,0,0,0,2,0,6,16,0
10,56,5,0,0,0,2,0,6,16,0
11,56,5,0,0,0,1,0,7,15,0
12,56,5,0,0,0,1,0,6,14,0
13,56,5,0,1,0,0,0,6,13,0
14,56,5,0,1,0,0,0,5,12,0
15,56,5,0,1,0,0,0,4,11,0
16,56,5,0,1,0,0,0,4,11,0
17,56,5,0,2,0,0,0,3,10,0
18,56,5,0,2,0,0,0,3,9,0
19,56,5,0,2,0,0,0,2,8,0
20,56,5,0,2,0,0,0,2,7,0
21,56,5,0,2,0,0,0,1,6,0
22,56,6,0,2,0,0,0,0,6,0
23,56,6,0,2,0,0,0,0,5,0
24,56,6,0,2,0,0,0,0,4,0
25,56,6,0,2,0,0,0,0,3,0
26,56,5,0,3,0,1,0,0,3,0
27,56,5,0,3,0,1,0,0,2,0
28,56,6,0,3,0,1,0,0,0,0
29,56,6,0,3,0,2,0,0,0,0
30,56,6,0,4,0,2,0,0,0,0
31,56,6,0,4,0,3,0,0,0,0
32,56,5,0,4,0,3,0,0,0,1
33,56,5,0,5,0,3,0,0,0,1
34,56,5,0,5,0,4,0,0,0,2
35,56,5,0,5,0,4,0,0,0,2
36,56,5,0,6,0,3,0,0,0,3
37,56,5,0,6,0,3,0,0,0,4
38,56,5,0,6,0,3,0,0,0,4
39,56,5,0,7,0,2,0,0,0,3
40,56,5,0,7,0,2,0,0,0,2
41,56,5,0,8,0,2,0,0,0,2
42,56,6,0,8,0,1,0,0,0,0
43,56,6,0,8,0,1,0,0,0,0
44,56,7,0,9,0,0,0,0,0,0
45,56,7,0,9,0,0,0,0,0,0
46,56,7,0,10,0,0,0,0,0,0
47,56,6,0,10,0,0,1,0,0,0
48,56,6,0,11,0,0,2,0,0,0
49,56,6,0,11,0,0,2,0,0,0
50,56,6,0,12,0,0,3,0,0,0
51,56,6,0,12,0,0,4,0,0,0
52,56,4,0,13,1,0,4,1,0,0
53,56,4,0,13,2,0,5,1,0,0
54,56,4,0,14,3,0,6,2,0,0
55,56,4,0,14,3,0,7,3,0,0
56,56,4,0,15,4,0,7,3,0,0
57,56,4,0,16,5,0,8,4,0,0
58,56,4,0,16,6,0,9,4,0,0
59,56,4,0,17,7,0,10,5,0,0
0,57,3,0,1,0,8,5,7,25,0
1,57,3,0,1,0,7,4,7,24,0
2,57,3,0,1,0,7,3,7,23,0
3,57,3,0,1,0,6,2,7,22,0
4,57,3,0,1,0,6,2,7,21,0
5,57,5,0,0,0,5,0,7,20,0
6,57,4,0,1,0,4,0,7,19,0
7,57,4,0,1,0,4,0,7,18,0
8,57,4,0,1,0,3,0,7,17,0
9,57,4,0,1,0,3,0,7,17,0
10,57,4,0,1,0,2,0,7,16,0
11,57,4,0,1,0,2,0,7,15,0
12,57,4,0,1,0,2,0,7,14,0
13,57,4,0,1,0,1,0,6,13,0
14,57,5,0,2,0,0,0,5,12,0
15,57,5,0,2,0,0,0,5,12,0
16,57,5,0,2,0,0,0,4,11,0
17,57,5,0,2,0,0,0,4,10,0
18,57,5,0,3,0,0,0,3,9,0
19,57,5,0,3,0,0,0,3,8,0
20,57,5,0,3,0,0,0,2,7,0
21,57,5,0,3,0,0,0,2,7,0
22,57,5,0,3,0,0,0,1,6,0
23,57,5,0,3,0,0,0,1,5,0
24,57,6,0,3,0,0,0,0,4,0
25,57,5,0,3,0,1,0,0,4,0
26,57,5,0,3,0,1,0,0,3,0
27,57,5,0,4,0,2,0,0,2,0
28,57,5,0,4,0,2,0,0,1,0
29,57,6,0,4,0,2,0,0,0,0
30,57,6,0,4,0,3,0,0,0,0
31,57,5,0,5,0,3,0,0,0,1
32,57,5,0,5,0,4,0,0,0,1
33,57,5,0,5,0,4,0,0,0,2
34,57,5,0,6,0,4,0,0,0,2
35,57,5,0,6,0,4,0,0,0,3
36,57,5,0,6,0,4,0,0,0,3
37,57,5,0,7,0,4,0,0,0,4
38,57,5,0,7,0,3,0,0,0,4
39,57,5,0,7,0,3,0,0,0,3
40,57,5,0,8,0,3,0,0,0,2
41,57,6,0,8,0,2,0,0,0,0
42,57,6,0,9,0,2,0,0,0,0
43,57,6,0,9,0,2,0,0,0,0
44,57,6,0,9,0,1,0,0,0,0
45,57,6,0,10,0,1,0,0,0,0
46,57,5,0,10,0,1,1,0,0,0
47,57,6,0,11,0,0,1,0,0,0
48,57,6,0,11,0,0,2,0,0,0
49,57,6,0,12,0,0,3,0,0,0
50,57,6,0,12,0,0,3,0,0,0
51,57,6,0,13,0,0,4,0,0,0
52,57,4,0,13,1,0,5,1,0,0
53,57,4,0,14,2,0,5,2,0,0
54,57,4,0,14,2,0,6,2,0,0
55,57,4,0,15,3,0,7,3,0,0
56,57,4,0,15,4,0,8,4,0,0
57,57,4,0,16,5,0,8,4,0,0
58,57,4,0,17,6,0,9,5,0,0
59,57,4,0,17,7,0,10,5,0,0
0,58,3,0,2,0,8,5,8,25,0
1,58,3,0,2,0,8,4,8,24,0
2,58,3,0,2,0,7,3,8,23,0
3,58,3,0,2,0,7,2,8,22,0
4,58,4,0,2,0,6,0,8,21,0
5,58,4,0,1,0,5,0,8,20,0
6,58,4,0,1,0,5,0,8,19,0
7,58,4,0,2,0,4,0,8,18,0
8,58,4,0,2,0,4,0,8,18,0
9,58,4,0,2,0,3,0,8,17,0
10,58,4,0,2,0,3,0,8,16,0
11,58,4,0,2,0,3,0,8,15,0
12,58,4,0,2,0,2,0,7,14,0
13,58,4,0,2,0,2,0,6,13,0
14,58,4,0,2,0,1,0,6,13,0
15,58,4,0,3,0,1,0,5,12,0
16,58,4,0,3,0,1,0,5,11,0
17,58,4,0,3,0,1,0,4,10,0
18,58,4,0,3,0,1,0,4,9,0
19,58,5,0,4,0,0,0,3,8,0
20,58,4,0,4,0,1,0,3,8,0
21,58,4,0,4,0,1,0,2,7,0
22,58,4,0,4,0,1,0,2,6,0
23,58,4,0,4,0,1,0,2,5,0
24,58,4,0,4,0,1,0,1,5,0
25,58,5,0,4,0,1,0,0,4,0
26,58,5,0,4,0,2,0,0,3,0
27,58,5,0,4,0,2,0,0,2,0
28,58,5,0,5,0,3,0,0,2,0
29,58,6,0,5,0,3,0,0,0,0
30,58,5,0,5,0,3,0,0,0,1
31,58,5,0,5,0,4,0,0,0,1
32,58,5,0,6,0,4,0,0,0,2
33,58,5,0,6,0,5,0,0,0,2
34,58,5,0,6,0,5,0,0,0,3
35,58,5,0,7,0,5,0,0,0,3
36,58,5,0,7,0,5,0,0,0,4
37,58,5,0,7,0,4,0,0,0,4
38,58,5,0,8,0,4,0,0,0,4
39,58,5,0,8,0,4,0,0,0,3
40,58,5,0,8,0,3,0,0,0,2
41,58,5,0,9,0,3,0,0,0,1
42,58,6,0,9,0,3,0,0,0,0
43,58,6,0,10,0,2,0,0,0,0
44,58,6,0,10,0,2,0,0,0,0
45,58,6,0,10,0,2,0,0,0,0
46,58,6,0,11,0,2,0,0,0,0
47,58,5,0,11,0,1,1,0,0,0
48,58,5,0,12,0,1,2,0,0,0
49,58,5,0,12,0,1,3,0,0,0
50,58,5,0,13,0,1,4,0,0,0
51,58,5,0,13,0,1,4,0,0,0
52,58,4,0,14,0,1,5,1,0,0
53,58,3,0,14,1,1,6,2,0,0
54,58,3,0,15,2,1,6,3,0,0
55,58,4,0,15,3,0,7,3,0,0
56,58,3,0,16,4,1,8,4,0,0
57,58,3,0,16,5,1,9,5,0,0
58,58,3,0,17,6,1,9,5,0,0
59,58,3,0,18,7,1,10,6,0,0
0,59,3,0,3,0,9,5,9,25,0
1,59,3,0,3,0,8,4,9,24,0
2,59,3,0,3,0,8,3,9,23,0
3,59,3,0,3,0,7,2,9,22,0
4,59,3,0,2,0,6,1,9,21,0
5,59,4,0,2,0,6,0,9,20,0
6,59,4,0,2,0,5,0,9,19,0
7,59,4,0,2,0,5,0,9,19,0
8,59,4,0,3,0,4,0,9,18,0
9,59,4,0,3,0,4,0,9,17,0
10,59,4,0,3,0,4,0,9,16,0
11,59,4,0,3,0,3,0,8,15,0
12,59,4,0,3,0,3,0,7,14,0
13,59,4,0,3,0,2,0,7,14,0
14,59,4,0,3,0,2,0,6,13,0
15,59,4,0,3,0,2,0,6,12,0
16,59,4,0,4,0,2,0,5,11,0
17,59,4,0,4,0,2,0,5,10,0
18,59,4,0,4,0,2,0,4,9,0
19,59,4,0,4,0,1,0,4,9,0
20,59,4,0,5,0,1,0,3,8,0
21,59,4,0,5,0,2,0,3,7,0
22,59,4,0,5,0,2,0,3,6,0
23,59,4,0,5,0,2,0,2,6,0
24,59,4,0,5,0,2,0,2,5,0
25,59,5,0,5,0,2,0,0,4,0
26,59,5,0,5,0,2,0,0,3,0
27,59,5,0,5,0,3,0,0,3,0
28,59,5,0,5,0,3,0,0,2,0
29,59,5,0,6,0,4,0,0,0,1
30,59,5,0,6,0,4,0,0,0,1
31,59,5,0,6,0,4,0,0,0,2
32,59,5,0,6,0,5,0,0,0,2
33,59,5,0,7,0,5,0,0,0,3
34,59,5,0,7,0,6,0,0,0,3
35,59,5,0,7,0,6,0,0,0,4
36,59,5,0,8,0,5,0,0,0,4
37,59,5,0,8,0,5,0,0,0,5
38,59,5,0,8,0,5,0,0,0,4
39,59,5,0,9,0,4,0,0,0,3
40,59,5,0,9,0,4,0,0,0,2
41,59,5,0,9,0,4,0,0,0,2
42,59,6,0,10,0,3,0,0,0,0
43,59,6,0,10,0,3,0,0,0,0
44,59,6,0,11,0,3,0,0,0,0
45,59,6,0,11,0,3,0,0,0,0
46,59,5,0,11,0,2,1,0,0,0
47,59,5,0,12,0,2,1,0,0,0
48,59,5,0,12,0,2,2,0,0,0
49,59,5,0,13,0,2,3,0,0,0
50,59,5,0,13,0,2,4,0,0,0
51,59,5,0,14,0,2,5,0,0,0
52,59,3,0,14,1,2,5,1,0,0
53,59,3,0,15,1,2,6,2,0,0
54,59,3,0,15,2,2,7,3,0,0
55,59,3,0,16,3,1,7,4,0,0
56,59,3,0,16,4,1,8,4,0,0
57,59,3,0,17,5,2,9,5,0,0
58,59,3,0,17,6,2,10,6,0,0
59,59,3,0,18,7,2,10,6,0,0
